disgust,Yes,3200,disgust,"[{'x': 708, 'y': 598}, {'x': 708, 'y': 597}, {'x': 704, 'y': 594}, {'x': 699, 'y': 591}, {'x': 693, 'y': 589}, {'x': 689, 'y': 586}, {'x': 687, 'y': 584}, {'x': 685, 'y': 583}, {'x': 684, 'y': 583}, {'x': 684, 'y': 582}, {'x': 683, 'y': 582}, {'x': 682, 'y': 582}, {'x': 681, 'y': 582}, {'x': 680, 'y': 580}, {'x': 680, 'y': 580}, {'x': 678, 'y': 579}, {'x': 677, 'y': 579}, {'x': 676, 'y': 579}, {'x': 672, 'y': 577}, {'x': 669, 'y': 575}, {'x': 664, 'y': 572}, {'x': 664, 'y': 571}, {'x': 664, 'y': 571}, {'x': 663, 'y': 571}, {'x': 662, 'y': 570}, {'x': 659, 'y': 567}, {'x': 654, 'y': 565}, {'x': 646, 'y': 560}, {'x': 638, 'y': 555}, {'x': 627, 'y': 546}, {'x': 616, 'y': 537}, {'x': 607, 'y': 529}, {'x': 596, 'y': 519}, {'x': 588, 'y': 510}, {'x': 581, 'y': 503}, {'x': 576, 'y': 496}, {'x': 572, 'y': 491}, {'x': 571, 'y': 487}, {'x': 570, 'y': 486}, {'x': 568, 'y': 484}, {'x': 566, 'y': 482}, {'x': 563, 'y': 479}, {'x': 560, 'y': 476}, {'x': 557, 'y': 472}, {'x': 551, 'y': 467}, {'x': 547, 'y': 462}, {'x': 540, 'y': 457}, {'x': 532, 'y': 449}, {'x': 525, 'y': 443}, {'x': 519, 'y': 439}, {'x': 514, 'y': 435}, {'x': 508, 'y': 432}, {'x': 502, 'y': 428}, {'x': 496, 'y': 424}, {'x': 492, 'y': 420}, {'x': 489, 'y': 418}, {'x': 484, 'y': 415}, {'x': 483, 'y': 413}, {'x': 482, 'y': 412}, {'x': 480, 'y': 411}, {'x': 477, 'y': 411}, {'x': 475, 'y': 409}, {'x': 472, 'y': 408}, {'x': 471, 'y': 407}, {'x': 470, 'y': 407}, {'x': 469, 'y': 407}]"
awe,Yes,1704,awe,"[{'x': 522, 'y': 615}, {'x': 528, 'y': 614}, {'x': 537, 'y': 611}, {'x': 550, 'y': 609}, {'x': 563, 'y': 607}, {'x': 581, 'y': 602}, {'x': 588, 'y': 599}, {'x': 592, 'y': 597}, {'x': 596, 'y': 594}, {'x': 599, 'y': 591}, {'x': 602, 'y': 588}, {'x': 607, 'y': 584}, {'x': 612, 'y': 580}, {'x': 617, 'y': 578}, {'x': 620, 'y': 575}, {'x': 623, 'y': 574}, {'x': 627, 'y': 571}, {'x': 633, 'y': 566}, {'x': 646, 'y': 556}, {'x': 652, 'y': 552}, {'x': 655, 'y': 551}, {'x': 656, 'y': 549}, {'x': 657, 'y': 548}, {'x': 659, 'y': 547}, {'x': 662, 'y': 544}, {'x': 666, 'y': 541}, {'x': 669, 'y': 539}, {'x': 670, 'y': 537}, {'x': 672, 'y': 535}, {'x': 673, 'y': 535}, {'x': 677, 'y': 531}, {'x': 681, 'y': 528}, {'x': 686, 'y': 524}, {'x': 691, 'y': 520}, {'x': 696, 'y': 516}, {'x': 700, 'y': 513}, {'x': 704, 'y': 509}, {'x': 712, 'y': 503}, {'x': 716, 'y': 500}, {'x': 720, 'y': 496}, {'x': 722, 'y': 495}, {'x': 723, 'y': 492}, {'x': 724, 'y': 491}, {'x': 725, 'y': 490}, {'x': 727, 'y': 487}, {'x': 728, 'y': 484}, {'x': 730, 'y': 482}, {'x': 732, 'y': 480}, {'x': 732, 'y': 479}, {'x': 732, 'y': 477}, {'x': 726, 'y': 473}, {'x': 714, 'y': 463}, {'x': 685, 'y': 447}, {'x': 657, 'y': 431}, {'x': 625, 'y': 418}, {'x': 591, 'y': 404}, {'x': 568, 'y': 395}, {'x': 556, 'y': 390}, {'x': 551, 'y': 387}, {'x': 550, 'y': 387}, {'x': 549, 'y': 387}, {'x': 549, 'y': 391}, {'x': 551, 'y': 395}, {'x': 551, 'y': 396}, {'x': 552, 'y': 397}, {'x': 552, 'y': 398}]"
awe,Yes,2384,awe,"[{'x': 777, 'y': 591}, {'x': 776, 'y': 589}, {'x': 774, 'y': 588}, {'x': 772, 'y': 587}, {'x': 770, 'y': 584}, {'x': 764, 'y': 577}, {'x': 755, 'y': 565}, {'x': 740, 'y': 548}, {'x': 727, 'y': 532}, {'x': 710, 'y': 515}, {'x': 694, 'y': 501}, {'x': 680, 'y': 489}, {'x': 669, 'y': 480}, {'x': 661, 'y': 474}, {'x': 654, 'y': 469}, {'x': 645, 'y': 461}, {'x': 636, 'y': 454}, {'x': 627, 'y': 447}, {'x': 617, 'y': 439}, {'x': 609, 'y': 433}, {'x': 601, 'y': 427}, {'x': 592, 'y': 420}, {'x': 587, 'y': 416}, {'x': 584, 'y': 415}, {'x': 584, 'y': 414}, {'x': 583, 'y': 414}, {'x': 583, 'y': 413}, {'x': 581, 'y': 412}, {'x': 580, 'y': 411}]"
contentment,Yes,1167,awe,"[{'x': 968, 'y': 591}, {'x': 968, 'y': 592}, {'x': 968, 'y': 591}, {'x': 964, 'y': 587}, {'x': 957, 'y': 582}, {'x': 949, 'y': 575}, {'x': 941, 'y': 569}, {'x': 933, 'y': 562}, {'x': 928, 'y': 556}, {'x': 921, 'y': 547}, {'x': 911, 'y': 533}, {'x': 898, 'y': 519}, {'x': 885, 'y': 501}, {'x': 876, 'y': 485}, {'x': 868, 'y': 469}, {'x': 860, 'y': 457}, {'x': 852, 'y': 448}, {'x': 845, 'y': 442}, {'x': 837, 'y': 436}, {'x': 819, 'y': 428}, {'x': 800, 'y': 424}, {'x': 775, 'y': 419}, {'x': 740, 'y': 408}, {'x': 696, 'y': 393}, {'x': 664, 'y': 382}, {'x': 642, 'y': 373}, {'x': 625, 'y': 369}, {'x': 619, 'y': 368}, {'x': 615, 'y': 368}, {'x': 613, 'y': 368}, {'x': 609, 'y': 368}, {'x': 607, 'y': 369}, {'x': 604, 'y': 371}, {'x': 602, 'y': 372}, {'x': 600, 'y': 373}, {'x': 599, 'y': 374}, {'x': 598, 'y': 375}, {'x': 596, 'y': 378}, {'x': 592, 'y': 386}, {'x': 588, 'y': 395}, {'x': 587, 'y': 403}, {'x': 586, 'y': 411}, {'x': 586, 'y': 412}]"
sadness,Yes,1800,sadness,"[{'x': 844, 'y': 599}, {'x': 841, 'y': 598}, {'x': 831, 'y': 592}, {'x': 817, 'y': 584}, {'x': 785, 'y': 564}, {'x': 763, 'y': 552}, {'x': 747, 'y': 543}, {'x': 739, 'y': 537}, {'x': 735, 'y': 534}, {'x': 732, 'y': 531}, {'x': 728, 'y': 529}, {'x': 722, 'y': 526}, {'x': 716, 'y': 523}, {'x': 712, 'y': 520}, {'x': 708, 'y': 519}, {'x': 707, 'y': 519}, {'x': 702, 'y': 516}, {'x': 694, 'y': 514}, {'x': 679, 'y': 508}, {'x': 658, 'y': 500}, {'x': 633, 'y': 490}, {'x': 612, 'y': 481}, {'x': 593, 'y': 472}, {'x': 581, 'y': 467}, {'x': 575, 'y': 463}, {'x': 569, 'y': 459}, {'x': 565, 'y': 457}, {'x': 562, 'y': 455}, {'x': 556, 'y': 452}, {'x': 551, 'y': 451}, {'x': 544, 'y': 445}, {'x': 536, 'y': 441}, {'x': 528, 'y': 436}, {'x': 521, 'y': 432}, {'x': 518, 'y': 429}, {'x': 516, 'y': 428}, {'x': 515, 'y': 428}, {'x': 513, 'y': 427}, {'x': 512, 'y': 427}, {'x': 506, 'y': 423}, {'x': 503, 'y': 421}, {'x': 500, 'y': 419}, {'x': 499, 'y': 418}]"
disgust,Yes,1777,fear,"[{'x': 782, 'y': 564}, {'x': 779, 'y': 564}, {'x': 775, 'y': 563}, {'x': 769, 'y': 560}, {'x': 764, 'y': 559}, {'x': 757, 'y': 558}, {'x': 752, 'y': 555}, {'x': 747, 'y': 554}, {'x': 743, 'y': 552}, {'x': 740, 'y': 551}, {'x': 737, 'y': 549}, {'x': 735, 'y': 548}, {'x': 733, 'y': 547}, {'x': 732, 'y': 546}, {'x': 729, 'y': 544}, {'x': 727, 'y': 543}, {'x': 724, 'y': 540}, {'x': 719, 'y': 538}, {'x': 714, 'y': 535}, {'x': 707, 'y': 532}, {'x': 701, 'y': 528}, {'x': 692, 'y': 523}, {'x': 683, 'y': 517}, {'x': 672, 'y': 511}, {'x': 660, 'y': 503}, {'x': 649, 'y': 497}, {'x': 638, 'y': 491}, {'x': 627, 'y': 483}, {'x': 617, 'y': 478}, {'x': 607, 'y': 473}, {'x': 598, 'y': 467}, {'x': 590, 'y': 463}, {'x': 581, 'y': 459}, {'x': 573, 'y': 455}, {'x': 564, 'y': 451}, {'x': 553, 'y': 448}, {'x': 544, 'y': 446}, {'x': 536, 'y': 444}, {'x': 528, 'y': 442}, {'x': 520, 'y': 439}, {'x': 513, 'y': 439}, {'x': 508, 'y': 438}, {'x': 504, 'y': 437}, {'x': 500, 'y': 436}, {'x': 495, 'y': 435}, {'x': 489, 'y': 435}, {'x': 482, 'y': 433}, {'x': 476, 'y': 431}, {'x': 468, 'y': 429}, {'x': 461, 'y': 427}, {'x': 453, 'y': 425}, {'x': 444, 'y': 424}, {'x': 436, 'y': 422}, {'x': 429, 'y': 420}, {'x': 423, 'y': 419}, {'x': 418, 'y': 419}, {'x': 416, 'y': 418}, {'x': 413, 'y': 418}, {'x': 410, 'y': 417}, {'x': 408, 'y': 417}, {'x': 407, 'y': 417}, {'x': 404, 'y': 416}, {'x': 403, 'y': 415}, {'x': 402, 'y': 415}, {'x': 401, 'y': 415}]"
awe,Yes,6467,amusement,"[{'x': 1288, 'y': 554}, {'x': 1277, 'y': 548}, {'x': 1262, 'y': 533}, {'x': 1226, 'y': 531}, {'x': 1125, 'y': 531}, {'x': 1048, 'y': 535}, {'x': 993, 'y': 543}, {'x': 946, 'y': 553}, {'x': 880, 'y': 560}, {'x': 843, 'y': 562}, {'x': 808, 'y': 564}, {'x': 784, 'y': 565}, {'x': 768, 'y': 566}, {'x': 759, 'y': 566}, {'x': 750, 'y': 565}, {'x': 748, 'y': 564}, {'x': 745, 'y': 563}, {'x': 743, 'y': 561}, {'x': 741, 'y': 559}, {'x': 738, 'y': 554}, {'x': 734, 'y': 543}, {'x': 731, 'y': 521}, {'x': 734, 'y': 489}, {'x': 740, 'y': 449}, {'x': 742, 'y': 442}, {'x': 743, 'y': 441}, {'x': 744, 'y': 439}, {'x': 744, 'y': 438}, {'x': 740, 'y': 438}, {'x': 737, 'y': 438}, {'x': 736, 'y': 437}, {'x': 735, 'y': 436}, {'x': 734, 'y': 435}, {'x': 733, 'y': 435}, {'x': 733, 'y': 434}, {'x': 732, 'y': 433}, {'x': 732, 'y': 432}, {'x': 691, 'y': 436}, {'x': 552, 'y': 459}, {'x': 452, 'y': 459}, {'x': 415, 'y': 452}, {'x': 404, 'y': 446}, {'x': 402, 'y': 444}, {'x': 402, 'y': 443}, {'x': 402, 'y': 438}, {'x': 397, 'y': 435}, {'x': 386, 'y': 443}, {'x': 370, 'y': 463}, {'x': 362, 'y': 490}, {'x': 362, 'y': 513}, {'x': 372, 'y': 527}, {'x': 382, 'y': 532}, {'x': 389, 'y': 532}, {'x': 399, 'y': 532}, {'x': 408, 'y': 530}, {'x': 419, 'y': 528}, {'x': 432, 'y': 526}, {'x': 436, 'y': 525}, {'x': 436, 'y': 524}, {'x': 437, 'y': 524}, {'x': 439, 'y': 523}, {'x': 443, 'y': 522}, {'x': 448, 'y': 515}, {'x': 454, 'y': 505}, {'x': 458, 'y': 499}, {'x': 460, 'y': 493}, {'x': 465, 'y': 483}, {'x': 472, 'y': 463}, {'x': 476, 'y': 443}, {'x': 479, 'y': 434}, {'x': 480, 'y': 429}, {'x': 480, 'y': 427}, {'x': 480, 'y': 425}, {'x': 480, 'y': 423}, {'x': 480, 'y': 420}, {'x': 480, 'y': 419}, {'x': 480, 'y': 417}]"
amusement,Yes,1113,amusement,"[{'x': 964, 'y': 583}, {'x': 959, 'y': 583}, {'x': 956, 'y': 583}, {'x': 953, 'y': 583}, {'x': 952, 'y': 583}, {'x': 951, 'y': 583}, {'x': 948, 'y': 583}, {'x': 937, 'y': 583}, {'x': 924, 'y': 579}, {'x': 904, 'y': 575}, {'x': 881, 'y': 570}, {'x': 858, 'y': 563}, {'x': 839, 'y': 555}, {'x': 808, 'y': 547}, {'x': 784, 'y': 541}, {'x': 757, 'y': 535}, {'x': 723, 'y': 523}, {'x': 693, 'y': 511}, {'x': 672, 'y': 502}, {'x': 657, 'y': 495}, {'x': 647, 'y': 491}, {'x': 640, 'y': 487}, {'x': 628, 'y': 479}, {'x': 611, 'y': 469}, {'x': 592, 'y': 455}, {'x': 576, 'y': 442}, {'x': 559, 'y': 429}, {'x': 551, 'y': 423}, {'x': 547, 'y': 419}, {'x': 546, 'y': 418}]"
disgust,Yes,1831,disgust,"[{'x': 910, 'y': 573}, {'x': 904, 'y': 569}, {'x': 889, 'y': 557}, {'x': 869, 'y': 544}, {'x': 847, 'y': 531}, {'x': 826, 'y': 517}, {'x': 797, 'y': 500}, {'x': 781, 'y': 491}, {'x': 767, 'y': 482}, {'x': 750, 'y': 471}, {'x': 730, 'y': 462}, {'x': 708, 'y': 451}, {'x': 684, 'y': 442}, {'x': 661, 'y': 433}, {'x': 644, 'y': 425}, {'x': 632, 'y': 420}, {'x': 621, 'y': 416}, {'x': 612, 'y': 413}, {'x': 606, 'y': 412}, {'x': 600, 'y': 411}, {'x': 592, 'y': 410}, {'x': 585, 'y': 408}, {'x': 576, 'y': 406}, {'x': 570, 'y': 405}, {'x': 567, 'y': 405}, {'x': 564, 'y': 405}]"
anger,Yes,2384,anger,"[{'x': 977, 'y': 560}, {'x': 950, 'y': 555}, {'x': 910, 'y': 547}, {'x': 868, 'y': 539}, {'x': 828, 'y': 530}, {'x': 797, 'y': 524}, {'x': 772, 'y': 519}, {'x': 752, 'y': 514}, {'x': 736, 'y': 511}, {'x': 720, 'y': 509}, {'x': 705, 'y': 505}, {'x': 688, 'y': 501}, {'x': 656, 'y': 495}, {'x': 644, 'y': 491}, {'x': 608, 'y': 480}, {'x': 583, 'y': 471}, {'x': 562, 'y': 464}, {'x': 549, 'y': 459}, {'x': 542, 'y': 455}, {'x': 536, 'y': 452}, {'x': 532, 'y': 449}, {'x': 524, 'y': 444}, {'x': 519, 'y': 442}, {'x': 512, 'y': 437}, {'x': 507, 'y': 434}, {'x': 506, 'y': 433}, {'x': 504, 'y': 432}, {'x': 504, 'y': 431}, {'x': 500, 'y': 430}, {'x': 498, 'y': 426}, {'x': 495, 'y': 422}, {'x': 492, 'y': 417}, {'x': 491, 'y': 415}, {'x': 490, 'y': 412}, {'x': 489, 'y': 412}]"
contentment,Yes,1712,amusement,"[{'x': 768, 'y': 586}, {'x': 762, 'y': 569}, {'x': 756, 'y': 556}, {'x': 749, 'y': 538}, {'x': 748, 'y': 529}, {'x': 746, 'y': 520}, {'x': 744, 'y': 513}, {'x': 743, 'y': 505}, {'x': 742, 'y': 497}, {'x': 741, 'y': 490}, {'x': 740, 'y': 483}, {'x': 740, 'y': 478}, {'x': 738, 'y': 471}, {'x': 736, 'y': 464}, {'x': 732, 'y': 459}, {'x': 729, 'y': 455}, {'x': 719, 'y': 448}, {'x': 710, 'y': 445}, {'x': 696, 'y': 441}, {'x': 682, 'y': 438}, {'x': 668, 'y': 435}, {'x': 656, 'y': 433}, {'x': 647, 'y': 431}, {'x': 640, 'y': 430}, {'x': 637, 'y': 429}, {'x': 633, 'y': 428}, {'x': 629, 'y': 427}, {'x': 625, 'y': 427}, {'x': 619, 'y': 425}, {'x': 615, 'y': 425}, {'x': 610, 'y': 424}, {'x': 604, 'y': 424}, {'x': 596, 'y': 423}, {'x': 587, 'y': 421}, {'x': 578, 'y': 419}, {'x': 572, 'y': 418}, {'x': 567, 'y': 416}, {'x': 565, 'y': 416}, {'x': 563, 'y': 415}, {'x': 562, 'y': 415}]"
fear,Yes,2033,fear,"[{'x': 781, 'y': 586}, {'x': 780, 'y': 585}, {'x': 779, 'y': 583}, {'x': 776, 'y': 579}, {'x': 775, 'y': 571}, {'x': 772, 'y': 559}, {'x': 771, 'y': 550}, {'x': 770, 'y': 543}, {'x': 768, 'y': 535}, {'x': 768, 'y': 531}, {'x': 768, 'y': 527}, {'x': 767, 'y': 523}, {'x': 765, 'y': 518}, {'x': 764, 'y': 514}, {'x': 761, 'y': 507}, {'x': 758, 'y': 501}, {'x': 752, 'y': 493}, {'x': 741, 'y': 477}, {'x': 731, 'y': 468}, {'x': 720, 'y': 460}, {'x': 707, 'y': 452}, {'x': 696, 'y': 444}, {'x': 684, 'y': 439}, {'x': 675, 'y': 434}, {'x': 665, 'y': 431}, {'x': 657, 'y': 427}, {'x': 650, 'y': 425}, {'x': 645, 'y': 424}, {'x': 641, 'y': 423}, {'x': 636, 'y': 423}, {'x': 628, 'y': 423}, {'x': 615, 'y': 423}, {'x': 596, 'y': 423}, {'x': 576, 'y': 423}, {'x': 555, 'y': 421}, {'x': 543, 'y': 419}, {'x': 536, 'y': 416}, {'x': 532, 'y': 415}, {'x': 528, 'y': 413}, {'x': 525, 'y': 410}, {'x': 518, 'y': 406}, {'x': 515, 'y': 404}, {'x': 512, 'y': 403}, {'x': 511, 'y': 402}, {'x': 510, 'y': 402}]"
contentment,Yes,3592,contentment,"[{'x': 763, 'y': 583}, {'x': 762, 'y': 583}, {'x': 761, 'y': 583}, {'x': 760, 'y': 583}, {'x': 758, 'y': 582}, {'x': 752, 'y': 581}, {'x': 736, 'y': 574}, {'x': 704, 'y': 560}, {'x': 686, 'y': 550}, {'x': 672, 'y': 540}, {'x': 659, 'y': 531}, {'x': 651, 'y': 523}, {'x': 646, 'y': 518}, {'x': 641, 'y': 513}, {'x': 636, 'y': 510}, {'x': 628, 'y': 503}, {'x': 619, 'y': 496}, {'x': 608, 'y': 489}, {'x': 596, 'y': 479}, {'x': 580, 'y': 458}, {'x': 568, 'y': 443}, {'x': 557, 'y': 428}, {'x': 548, 'y': 412}, {'x': 537, 'y': 399}, {'x': 531, 'y': 391}, {'x': 528, 'y': 387}, {'x': 527, 'y': 387}, {'x': 526, 'y': 387}, {'x': 526, 'y': 391}, {'x': 526, 'y': 395}, {'x': 527, 'y': 396}, {'x': 527, 'y': 397}, {'x': 527, 'y': 399}, {'x': 527, 'y': 403}, {'x': 526, 'y': 406}, {'x': 525, 'y': 408}, {'x': 524, 'y': 411}]"
amusement,Yes,2695,amusement,"[{'x': 768, 'y': 588}, {'x': 767, 'y': 589}, {'x': 748, 'y': 595}, {'x': 730, 'y': 596}, {'x': 709, 'y': 596}, {'x': 688, 'y': 595}, {'x': 671, 'y': 593}, {'x': 659, 'y': 591}, {'x': 648, 'y': 587}, {'x': 640, 'y': 583}, {'x': 634, 'y': 577}, {'x': 628, 'y': 570}, {'x': 620, 'y': 560}, {'x': 614, 'y': 549}, {'x': 603, 'y': 532}, {'x': 597, 'y': 521}, {'x': 592, 'y': 509}, {'x': 587, 'y': 496}, {'x': 580, 'y': 479}, {'x': 572, 'y': 461}, {'x': 567, 'y': 446}, {'x': 562, 'y': 435}, {'x': 560, 'y': 429}, {'x': 559, 'y': 424}, {'x': 558, 'y': 421}, {'x': 557, 'y': 419}, {'x': 556, 'y': 414}, {'x': 554, 'y': 409}, {'x': 552, 'y': 406}, {'x': 550, 'y': 400}, {'x': 546, 'y': 397}, {'x': 544, 'y': 395}, {'x': 540, 'y': 393}, {'x': 536, 'y': 393}, {'x': 530, 'y': 393}, {'x': 522, 'y': 393}, {'x': 515, 'y': 393}, {'x': 511, 'y': 393}, {'x': 509, 'y': 394}, {'x': 508, 'y': 395}, {'x': 505, 'y': 396}, {'x': 504, 'y': 398}, {'x': 500, 'y': 399}, {'x': 499, 'y': 401}, {'x': 498, 'y': 402}, {'x': 496, 'y': 402}, {'x': 496, 'y': 403}, {'x': 493, 'y': 403}, {'x': 488, 'y': 404}, {'x': 483, 'y': 405}, {'x': 480, 'y': 405}, {'x': 478, 'y': 405}, {'x': 477, 'y': 405}]"
amusement,Yes,2257,amusement,"[{'x': 766, 'y': 590}, {'x': 764, 'y': 590}, {'x': 761, 'y': 590}, {'x': 756, 'y': 590}, {'x': 752, 'y': 590}, {'x': 750, 'y': 590}, {'x': 748, 'y': 590}, {'x': 747, 'y': 590}, {'x': 746, 'y': 590}, {'x': 745, 'y': 590}, {'x': 740, 'y': 590}, {'x': 732, 'y': 589}, {'x': 724, 'y': 587}, {'x': 713, 'y': 584}, {'x': 707, 'y': 583}, {'x': 702, 'y': 582}, {'x': 697, 'y': 580}, {'x': 691, 'y': 578}, {'x': 678, 'y': 573}, {'x': 661, 'y': 567}, {'x': 643, 'y': 557}, {'x': 615, 'y': 541}, {'x': 598, 'y': 530}, {'x': 580, 'y': 517}, {'x': 562, 'y': 505}, {'x': 547, 'y': 495}, {'x': 538, 'y': 490}, {'x': 532, 'y': 487}, {'x': 528, 'y': 484}, {'x': 526, 'y': 482}, {'x': 523, 'y': 479}, {'x': 520, 'y': 475}, {'x': 517, 'y': 469}, {'x': 515, 'y': 464}, {'x': 511, 'y': 457}, {'x': 509, 'y': 452}, {'x': 508, 'y': 451}, {'x': 508, 'y': 449}, {'x': 508, 'y': 447}, {'x': 508, 'y': 446}, {'x': 508, 'y': 444}, {'x': 508, 'y': 442}, {'x': 508, 'y': 439}, {'x': 508, 'y': 432}, {'x': 508, 'y': 427}, {'x': 508, 'y': 423}, {'x': 508, 'y': 420}]"
amusement,Yes,1761,amusement,"[{'x': 776, 'y': 593}, {'x': 775, 'y': 592}, {'x': 773, 'y': 591}, {'x': 768, 'y': 588}, {'x': 764, 'y': 583}, {'x': 760, 'y': 577}, {'x': 756, 'y': 574}, {'x': 753, 'y': 571}, {'x': 748, 'y': 567}, {'x': 740, 'y': 560}, {'x': 727, 'y': 551}, {'x': 711, 'y': 540}, {'x': 699, 'y': 532}, {'x': 692, 'y': 527}, {'x': 688, 'y': 527}, {'x': 686, 'y': 523}, {'x': 679, 'y': 519}, {'x': 671, 'y': 512}, {'x': 659, 'y': 504}, {'x': 647, 'y': 496}, {'x': 636, 'y': 488}, {'x': 628, 'y': 482}, {'x': 620, 'y': 477}, {'x': 612, 'y': 471}, {'x': 605, 'y': 464}, {'x': 597, 'y': 459}, {'x': 589, 'y': 455}, {'x': 580, 'y': 448}, {'x': 578, 'y': 447}, {'x': 573, 'y': 443}, {'x': 571, 'y': 441}, {'x': 568, 'y': 437}, {'x': 564, 'y': 434}, {'x': 561, 'y': 430}, {'x': 559, 'y': 427}, {'x': 557, 'y': 427}, {'x': 557, 'y': 425}, {'x': 556, 'y': 425}, {'x': 554, 'y': 424}, {'x': 552, 'y': 421}, {'x': 547, 'y': 416}, {'x': 546, 'y': 414}, {'x': 545, 'y': 414}]"
contentment,Yes,3673,amusement,"[{'x': 761, 'y': 591}, {'x': 759, 'y': 589}, {'x': 748, 'y': 583}, {'x': 735, 'y': 575}, {'x': 724, 'y': 568}, {'x': 713, 'y': 563}, {'x': 712, 'y': 562}, {'x': 711, 'y': 561}, {'x': 704, 'y': 556}, {'x': 689, 'y': 549}, {'x': 672, 'y': 539}, {'x': 655, 'y': 529}, {'x': 633, 'y': 516}, {'x': 624, 'y': 511}, {'x': 618, 'y': 506}, {'x': 613, 'y': 502}, {'x': 608, 'y': 495}, {'x': 600, 'y': 487}, {'x': 593, 'y': 477}, {'x': 587, 'y': 471}, {'x': 583, 'y': 467}, {'x': 578, 'y': 464}, {'x': 574, 'y': 457}, {'x': 569, 'y': 451}, {'x': 564, 'y': 441}, {'x': 560, 'y': 436}, {'x': 556, 'y': 430}, {'x': 551, 'y': 427}, {'x': 548, 'y': 423}, {'x': 545, 'y': 422}, {'x': 544, 'y': 421}, {'x': 543, 'y': 419}, {'x': 540, 'y': 419}, {'x': 540, 'y': 418}, {'x': 539, 'y': 417}, {'x': 540, 'y': 417}, {'x': 548, 'y': 417}, {'x': 553, 'y': 421}, {'x': 572, 'y': 435}, {'x': 595, 'y': 458}, {'x': 628, 'y': 490}, {'x': 665, 'y': 518}, {'x': 700, 'y': 539}, {'x': 730, 'y': 558}, {'x': 772, 'y': 583}, {'x': 801, 'y': 595}, {'x': 824, 'y': 602}, {'x': 831, 'y': 603}, {'x': 834, 'y': 603}, {'x': 832, 'y': 597}, {'x': 823, 'y': 585}, {'x': 809, 'y': 567}, {'x': 791, 'y': 543}, {'x': 760, 'y': 516}, {'x': 729, 'y': 490}, {'x': 697, 'y': 465}, {'x': 656, 'y': 438}, {'x': 640, 'y': 428}, {'x': 633, 'y': 423}, {'x': 631, 'y': 422}, {'x': 630, 'y': 421}, {'x': 628, 'y': 420}, {'x': 624, 'y': 419}, {'x': 617, 'y': 415}, {'x': 608, 'y': 413}, {'x': 600, 'y': 411}, {'x': 591, 'y': 409}, {'x': 582, 'y': 407}, {'x': 568, 'y': 403}, {'x': 558, 'y': 402}, {'x': 548, 'y': 402}, {'x': 537, 'y': 402}, {'x': 531, 'y': 402}, {'x': 528, 'y': 402}, {'x': 527, 'y': 402}]"
170224174916,21,Male,Student,Beginner,fear,Yes,1685,fear,"[{'x': 477, 'y': 578}, {'x': 472, 'y': 572}, {'x': 468, 'y': 566}, {'x': 463, 'y': 561}, {'x': 459, 'y': 557}, {'x': 455, 'y': 553}, {'x': 451, 'y': 549}, {'x': 446, 'y': 544}, {'x': 442, 'y': 538}, {'x': 436, 'y': 532}, {'x': 431, 'y': 526}, {'x': 427, 'y': 520}, {'x': 421, 'y': 515}, {'x': 417, 'y': 511}, {'x': 412, 'y': 507}, {'x': 408, 'y': 503}, {'x': 404, 'y': 498}, {'x': 401, 'y': 494}, {'x': 397, 'y': 489}, {'x': 395, 'y': 486}, {'x': 392, 'y': 481}, {'x': 388, 'y': 479}, {'x': 385, 'y': 475}, {'x': 383, 'y': 473}, {'x': 380, 'y': 471}, {'x': 379, 'y': 469}, {'x': 376, 'y': 466}, {'x': 374, 'y': 465}, {'x': 371, 'y': 461}, {'x': 368, 'y': 458}, {'x': 366, 'y': 455}, {'x': 364, 'y': 452}, {'x': 361, 'y': 449}, {'x': 360, 'y': 446}, {'x': 358, 'y': 444}, {'x': 357, 'y': 440}, {'x': 355, 'y': 438}, {'x': 355, 'y': 437}, {'x': 353, 'y': 434}, {'x': 352, 'y': 433}, {'x': 352, 'y': 432}, {'x': 352, 'y': 430}, {'x': 351, 'y': 429}, {'x': 350, 'y': 427}, {'x': 350, 'y': 426}, {'x': 349, 'y': 425}, {'x': 348, 'y': 423}, {'x': 348, 'y': 421}, {'x': 348, 'y': 419}, {'x': 348, 'y': 417}, {'x': 348, 'y': 415}, {'x': 348, 'y': 413}, {'x': 347, 'y': 411}, {'x': 347, 'y': 410}, {'x': 346, 'y': 409}, {'x': 346, 'y': 408}, {'x': 346, 'y': 407}, {'x': 346, 'y': 405}, {'x': 346, 'y': 404}, {'x': 346, 'y': 403}, {'x': 346, 'y': 402}, {'x': 346, 'y': 401}]"
170224180030,excitement,21,Male,Student,Beginner,fear,Yes,1856,fear,"[{'x': 528, 'y': 583}, {'x': 519, 'y': 574}, {'x': 511, 'y': 566}, {'x': 501, 'y': 558}, {'x': 491, 'y': 548}, {'x': 481, 'y': 537}, {'x': 473, 'y': 529}, {'x': 464, 'y': 522}, {'x': 456, 'y': 516}, {'x': 448, 'y': 508}, {'x': 442, 'y': 501}, {'x': 436, 'y': 494}, {'x': 429, 'y': 486}, {'x': 424, 'y': 481}, {'x': 418, 'y': 475}, {'x': 412, 'y': 469}, {'x': 408, 'y': 465}, {'x': 404, 'y': 461}, {'x': 400, 'y': 459}, {'x': 397, 'y': 457}, {'x': 394, 'y': 453}, {'x': 392, 'y': 452}, {'x': 389, 'y': 450}, {'x': 388, 'y': 448}, {'x': 384, 'y': 445}, {'x': 383, 'y': 444}, {'x': 380, 'y': 441}, {'x': 378, 'y': 439}, {'x': 376, 'y': 437}, {'x': 374, 'y': 437}, {'x': 372, 'y': 434}, {'x': 370, 'y': 433}, {'x': 369, 'y': 433}, {'x': 368, 'y': 432}, {'x': 366, 'y': 431}, {'x': 364, 'y': 430}, {'x': 364, 'y': 429}, {'x': 363, 'y': 429}, {'x': 363, 'y': 428}, {'x': 362, 'y': 428}, {'x': 360, 'y': 427}, {'x': 360, 'y': 426}, {'x': 359, 'y': 425}, {'x': 358, 'y': 425}, {'x': 358, 'y': 424}, {'x': 356, 'y': 424}, {'x': 356, 'y': 423}, {'x': 355, 'y': 421}, {'x': 354, 'y': 421}, {'x': 353, 'y': 420}, {'x': 352, 'y': 418}, {'x': 352, 'y': 417}, {'x': 351, 'y': 417}, {'x': 351, 'y': 416}, {'x': 350, 'y': 415}, {'x': 349, 'y': 415}, {'x': 349, 'y': 414}, {'x': 348, 'y': 413}, {'x': 348, 'y': 412}]"
170224195347,excitement,21,Male,Student,Beginner,excitement,No,1433,contentment,"[{'x': 466, 'y': 587}, {'x': 472, 'y': 578}, {'x': 478, 'y': 567}, {'x': 484, 'y': 557}, {'x': 490, 'y': 549}, {'x': 494, 'y': 542}, {'x': 500, 'y': 533}, {'x': 504, 'y': 524}, {'x': 508, 'y': 516}, {'x': 512, 'y': 509}, {'x': 516, 'y': 504}, {'x': 519, 'y': 500}, {'x': 522, 'y': 495}, {'x': 528, 'y': 491}, {'x': 532, 'y': 485}, {'x': 536, 'y': 480}, {'x': 540, 'y': 476}, {'x': 544, 'y': 472}, {'x': 546, 'y': 469}, {'x': 548, 'y': 467}, {'x': 551, 'y': 465}, {'x': 552, 'y': 462}, {'x': 554, 'y': 461}, {'x': 556, 'y': 461}, {'x': 556, 'y': 458}, {'x': 558, 'y': 457}, {'x': 559, 'y': 456}, {'x': 560, 'y': 456}, {'x': 562, 'y': 455}, {'x': 563, 'y': 453}, {'x': 564, 'y': 453}, {'x': 564, 'y': 452}, {'x': 564, 'y': 451}, {'x': 566, 'y': 451}, {'x': 567, 'y': 451}, {'x': 567, 'y': 450}, {'x': 568, 'y': 450}, {'x': 568, 'y': 449}, {'x': 570, 'y': 448}, {'x': 572, 'y': 446}, {'x': 572, 'y': 445}, {'x': 574, 'y': 445}, {'x': 574, 'y': 444}, {'x': 576, 'y': 442}, {'x': 577, 'y': 441}, {'x': 578, 'y': 439}, {'x': 580, 'y': 438}, {'x': 580, 'y': 436}, {'x': 583, 'y': 434}, {'x': 583, 'y': 433}, {'x': 584, 'y': 432}, {'x': 584, 'y': 431}, {'x': 585, 'y': 430}, {'x': 585, 'y': 429}, {'x': 586, 'y': 429}, {'x': 588, 'y': 428}, {'x': 588, 'y': 427}, {'x': 588, 'y': 426}]"
170224195347,excitement,21,Male,Student,Beginner,contentment,Yes,1229,contentment,"[{'x': 419, 'y': 569}, {'x': 424, 'y': 564}, {'x': 428, 'y': 560}, {'x': 432, 'y': 555}, {'x': 437, 'y': 551}, {'x': 441, 'y': 546}, {'x': 444, 'y': 543}, {'x': 448, 'y': 541}, {'x': 450, 'y': 538}, {'x': 452, 'y': 537}, {'x': 452, 'y': 536}, {'x': 453, 'y': 535}, {'x': 454, 'y': 534}, {'x': 454, 'y': 533}, {'x': 455, 'y': 533}, {'x': 456, 'y': 533}, {'x': 456, 'y': 531}, {'x': 456, 'y': 529}, {'x': 457, 'y': 529}, {'x': 459, 'y': 527}, {'x': 460, 'y': 526}, {'x': 460, 'y': 525}, {'x': 460, 'y': 522}, {'x': 460, 'y': 521}, {'x': 460, 'y': 518}, {'x': 460, 'y': 516}, {'x': 460, 'y': 513}, {'x': 456, 'y': 509}, {'x': 452, 'y': 504}, {'x': 447, 'y': 500}, {'x': 440, 'y': 494}, {'x': 429, 'y': 489}, {'x': 418, 'y': 482}, {'x': 407, 'y': 477}, {'x': 390, 'y': 470}, {'x': 381, 'y': 466}, {'x': 370, 'y': 461}, {'x': 360, 'y': 458}, {'x': 352, 'y': 455}, {'x': 344, 'y': 452}, {'x': 338, 'y': 449}, {'x': 333, 'y': 445}, {'x': 328, 'y': 443}, {'x': 325, 'y': 441}, {'x': 322, 'y': 438}, {'x': 319, 'y': 436}, {'x': 317, 'y': 435}, {'x': 315, 'y': 433}, {'x': 313, 'y': 433}, {'x': 312, 'y': 431}, {'x': 309, 'y': 430}, {'x': 309, 'y': 429}, {'x': 308, 'y': 429}]"
170224195347,excitement,21,Male,Student,Beginner,awe,Yes,1261,amusement,"[{'x': 470, 'y': 566}, {'x': 460, 'y': 556}, {'x': 448, 'y': 546}, {'x': 433, 'y': 533}, {'x': 420, 'y': 523}, {'x': 406, 'y': 512}, {'x': 391, 'y': 501}, {'x': 377, 'y': 489}, {'x': 363, 'y': 477}, {'x': 353, 'y': 470}, {'x': 344, 'y': 461}, {'x': 336, 'y': 454}, {'x': 328, 'y': 449}, {'x': 323, 'y': 444}, {'x': 317, 'y': 441}, {'x': 312, 'y': 437}, {'x': 309, 'y': 433}, {'x': 306, 'y': 431}, {'x': 302, 'y': 427}, {'x': 300, 'y': 425}, {'x': 298, 'y': 422}, {'x': 296, 'y': 420}, {'x': 294, 'y': 419}, {'x': 293, 'y': 417}, {'x': 291, 'y': 416}, {'x': 290, 'y': 415}, {'x': 290, 'y': 414}, {'x': 289, 'y': 414}, {'x': 288, 'y': 414}]"
180224245403,contentment,22,Male,Student,Intermediate,amusement,Yes,3120,amusement,"[{'x': 744, 'y': 588}, {'x': 744, 'y': 587}, {'x': 747, 'y': 579}, {'x': 748, 'y': 577}, {'x': 748, 'y': 574}, {'x': 749, 'y': 570}, {'x': 749, 'y': 567}, {'x': 750, 'y': 565}, {'x': 750, 'y': 563}, {'x': 751, 'y': 562}, {'x': 752, 'y': 560}, {'x': 752, 'y': 557}, {'x': 753, 'y': 547}, {'x': 753, 'y': 537}, {'x': 753, 'y': 523}, {'x': 752, 'y': 508}, {'x': 751, 'y': 496}, {'x': 751, 'y': 490}, {'x': 751, 'y': 484}, {'x': 751, 'y': 480}, {'x': 751, 'y': 476}, {'x': 751, 'y': 473}, {'x': 751, 'y': 468}, {'x': 751, 'y': 463}, {'x': 750, 'y': 456}, {'x': 748, 'y': 445}, {'x': 744, 'y': 433}, {'x': 740, 'y': 424}, {'x': 736, 'y': 414}, {'x': 728, 'y': 404}, {'x': 724, 'y': 399}, {'x': 721, 'y': 394}, {'x': 718, 'y': 391}, {'x': 716, 'y': 388}, {'x': 715, 'y': 387}, {'x': 713, 'y': 385}, {'x': 707, 'y': 382}, {'x': 702, 'y': 379}, {'x': 692, 'y': 374}, {'x': 684, 'y': 371}, {'x': 676, 'y': 368}, {'x': 670, 'y': 367}, {'x': 664, 'y': 367}, {'x': 658, 'y': 367}, {'x': 650, 'y': 370}, {'x': 644, 'y': 374}, {'x': 639, 'y': 378}, {'x': 636, 'y': 381}, {'x': 632, 'y': 383}, {'x': 629, 'y': 386}, {'x': 625, 'y': 388}, {'x': 620, 'y': 392}, {'x': 614, 'y': 396}, {'x': 608, 'y': 402}, {'x': 599, 'y': 408}, {'x': 591, 'y': 415}, {'x': 581, 'y': 423}, {'x': 574, 'y': 428}, {'x': 568, 'y': 433}, {'x': 563, 'y': 436}, {'x': 557, 'y': 439}, {'x': 554, 'y': 441}, {'x': 550, 'y': 443}, {'x': 545, 'y': 443}, {'x': 540, 'y': 444}, {'x': 532, 'y': 447}, {'x': 520, 'y': 448}, {'x': 507, 'y': 450}, {'x': 499, 'y': 450}, {'x': 493, 'y': 450}, {'x': 492, 'y': 450}, {'x': 490, 'y': 450}, {'x': 488, 'y': 450}, {'x': 485, 'y': 443}, {'x': 480, 'y': 435}, {'x': 476, 'y': 427}, {'x': 475, 'y': 424}, {'x': 474, 'y': 422}, {'x': 474, 'y': 421}]"
180224245403,contentment,22,Male,Student,Intermediate,fear,Yes,2168,fear,"[{'x': 773, 'y': 591}, {'x': 768, 'y': 590}, {'x': 761, 'y': 589}, {'x': 756, 'y': 587}, {'x': 750, 'y': 586}, {'x': 742, 'y': 583}, {'x': 736, 'y': 581}, {'x': 729, 'y': 578}, {'x': 721, 'y': 573}, {'x': 711, 'y': 565}, {'x': 688, 'y': 550}, {'x': 672, 'y': 539}, {'x': 658, 'y': 531}, {'x': 648, 'y': 525}, {'x': 645, 'y': 523}, {'x': 644, 'y': 523}, {'x': 642, 'y': 522}, {'x': 641, 'y': 521}, {'x': 635, 'y': 519}, {'x': 625, 'y': 513}, {'x': 612, 'y': 505}, {'x': 600, 'y': 498}, {'x': 590, 'y': 491}, {'x': 586, 'y': 489}, {'x': 584, 'y': 487}, {'x': 582, 'y': 487}, {'x': 578, 'y': 485}, {'x': 573, 'y': 482}, {'x': 568, 'y': 479}, {'x': 562, 'y': 478}, {'x': 556, 'y': 475}, {'x': 550, 'y': 469}, {'x': 545, 'y': 464}, {'x': 540, 'y': 462}, {'x': 536, 'y': 458}, {'x': 535, 'y': 456}, {'x': 534, 'y': 456}, {'x': 533, 'y': 455}, {'x': 532, 'y': 455}, {'x': 529, 'y': 451}, {'x': 527, 'y': 447}, {'x': 524, 'y': 441}, {'x': 521, 'y': 437}, {'x': 520, 'y': 433}, {'x': 519, 'y': 432}, {'x': 518, 'y': 431}, {'x': 517, 'y': 430}, {'x': 516, 'y': 428}, {'x': 516, 'y': 427}, {'x': 515, 'y': 425}, {'x': 515, 'y': 424}, {'x': 514, 'y': 423}, {'x': 514, 'y': 422}]"
180224245403,contentment,22,Male,Student,Intermediate,sadness,Yes,1961,sadness,"[{'x': 776, 'y': 581}, {'x': 775, 'y': 579}, {'x': 774, 'y': 579}, {'x': 771, 'y': 570}, {'x': 768, 'y': 563}, {'x': 765, 'y': 555}, {'x': 763, 'y': 550}, {'x': 762, 'y': 547}, {'x': 761, 'y': 545}, {'x': 760, 'y': 545}, {'x': 760, 'y': 544}, {'x': 759, 'y': 543}, {'x': 755, 'y': 541}, {'x': 745, 'y': 534}, {'x': 730, 'y': 525}, {'x': 709, 'y': 514}, {'x': 686, 'y': 503}, {'x': 666, 'y': 491}, {'x': 653, 'y': 483}, {'x': 644, 'y': 477}, {'x': 641, 'y': 475}, {'x': 640, 'y': 475}, {'x': 638, 'y': 474}, {'x': 633, 'y': 471}, {'x': 625, 'y': 467}, {'x': 616, 'y': 461}, {'x': 608, 'y': 455}, {'x': 602, 'y': 452}, {'x': 598, 'y': 450}, {'x': 594, 'y': 447}, {'x': 592, 'y': 447}, {'x': 591, 'y': 446}, {'x': 591, 'y': 445}, {'x': 589, 'y': 445}, {'x': 588, 'y': 443}, {'x': 585, 'y': 442}, {'x': 584, 'y': 440}, {'x': 583, 'y': 439}, {'x': 582, 'y': 439}, {'x': 580, 'y': 438}, {'x': 580, 'y': 437}, {'x': 577, 'y': 436}, {'x': 575, 'y': 434}, {'x': 571, 'y': 431}, {'x': 568, 'y': 428}, {'x': 565, 'y': 425}, {'x': 564, 'y': 423}, {'x': 563, 'y': 422}]"
180224245403,contentment,22,Male,Student,Intermediate,contentment,Yes,2122,contentment,"[{'x': 786, 'y': 598}, {'x': 782, 'y': 596}, {'x': 776, 'y': 593}, {'x': 771, 'y': 591}, {'x': 768, 'y': 591}, {'x': 765, 'y': 591}, {'x': 760, 'y': 591}, {'x': 753, 'y': 591}, {'x': 740, 'y': 588}, {'x': 724, 'y': 586}, {'x': 704, 'y': 581}, {'x': 689, 'y': 576}, {'x': 676, 'y': 571}, {'x': 660, 'y': 560}, {'x': 650, 'y': 555}, {'x': 640, 'y': 550}, {'x': 634, 'y': 547}, {'x': 628, 'y': 543}, {'x': 624, 'y': 542}, {'x': 620, 'y': 541}, {'x': 619, 'y': 539}, {'x': 615, 'y': 538}, {'x': 610, 'y': 535}, {'x': 604, 'y': 530}, {'x': 600, 'y': 526}, {'x': 594, 'y': 521}, {'x': 591, 'y': 518}, {'x': 588, 'y': 514}, {'x': 587, 'y': 511}, {'x': 585, 'y': 510}, {'x': 584, 'y': 510}, {'x': 584, 'y': 509}, {'x': 582, 'y': 507}, {'x': 580, 'y': 506}, {'x': 578, 'y': 504}, {'x': 575, 'y': 501}, {'x': 571, 'y': 497}, {'x': 567, 'y': 491}, {'x': 564, 'y': 487}, {'x': 564, 'y': 485}, {'x': 563, 'y': 485}, {'x': 562, 'y': 483}, {'x': 561, 'y': 482}, {'x': 561, 'y': 481}, {'x': 561, 'y': 479}, {'x': 560, 'y': 475}, {'x': 560, 'y': 474}, {'x': 560, 'y': 473}, {'x': 560, 'y': 472}, {'x': 559, 'y': 471}, {'x': 558, 'y': 470}, {'x': 558, 'y': 467}, {'x': 555, 'y': 463}, {'x': 552, 'y': 459}, {'x': 551, 'y': 456}, {'x': 544, 'y': 447}, {'x': 541, 'y': 443}, {'x': 539, 'y': 441}, {'x': 537, 'y': 439}, {'x': 536, 'y': 439}, {'x': 536, 'y': 437}, {'x': 534, 'y': 435}, {'x': 532, 'y': 430}, {'x': 528, 'y': 424}, {'x': 522, 'y': 417}, {'x': 522, 'y': 416}, {'x': 521, 'y': 415}]"
180224245403,contentment,22,Male,Student,Intermediate,sadness,Yes,3136,sadness,"[{'x': 761, 'y': 590}, {'x': 762, 'y': 590}, {'x': 764, 'y': 589}, {'x': 768, 'y': 586}, {'x': 774, 'y': 582}, {'x': 779, 'y': 579}, {'x': 785, 'y': 576}, {'x': 788, 'y': 573}, {'x': 791, 'y': 571}, {'x': 788, 'y': 571}, {'x': 766, 'y': 561}, {'x': 745, 'y': 554}, {'x': 711, 'y': 539}, {'x': 654, 'y': 514}, {'x': 594, 'y': 487}, {'x': 548, 'y': 469}, {'x': 528, 'y': 459}, {'x': 521, 'y': 455}, {'x': 520, 'y': 454}, {'x': 519, 'y': 453}, {'x': 519, 'y': 452}, {'x': 519, 'y': 451}, {'x': 519, 'y': 450}, {'x': 518, 'y': 448}, {'x': 516, 'y': 443}, {'x': 514, 'y': 436}, {'x': 513, 'y': 431}, {'x': 512, 'y': 428}, {'x': 512, 'y': 426}, {'x': 512, 'y': 424}, {'x': 512, 'y': 427}, {'x': 511, 'y': 442}, {'x': 510, 'y': 455}, {'x': 510, 'y': 467}, {'x': 510, 'y': 479}, {'x': 515, 'y': 491}, {'x': 519, 'y': 499}, {'x': 521, 'y': 503}, {'x': 524, 'y': 505}, {'x': 524, 'y': 506}, {'x': 525, 'y': 504}, {'x': 525, 'y': 484}, {'x': 524, 'y': 459}, {'x': 520, 'y': 443}, {'x': 516, 'y': 439}, {'x': 515, 'y': 436}, {'x': 512, 'y': 436}, {'x': 510, 'y': 438}, {'x': 508, 'y': 439}, {'x': 507, 'y': 439}, {'x': 504, 'y': 435}, {'x': 496, 'y': 423}, {'x': 486, 'y': 411}, {'x': 478, 'y': 404}, {'x': 471, 'y': 399}, {'x': 468, 'y': 395}]"
180224245403,contentment,22,Male,Student,Intermediate,fear,Yes,1600,fear,"[{'x': 776, 'y': 583}, {'x': 774, 'y': 576}, {'x': 768, 'y': 567}, {'x': 760, 'y': 558}, {'x': 752, 'y': 544}, {'x': 747, 'y': 539}, {'x': 744, 'y': 535}, {'x': 742, 'y': 531}, {'x': 740, 'y': 527}, {'x': 735, 'y': 521}, {'x': 728, 'y': 513}, {'x': 718, 'y': 505}, {'x': 711, 'y': 499}, {'x': 703, 'y': 494}, {'x': 693, 'y': 487}, {'x': 683, 'y': 480}, {'x': 664, 'y': 470}, {'x': 655, 'y': 467}, {'x': 647, 'y': 464}, {'x': 642, 'y': 463}, {'x': 636, 'y': 462}, {'x': 633, 'y': 462}, {'x': 628, 'y': 462}, {'x': 621, 'y': 461}, {'x': 613, 'y': 459}, {'x': 602, 'y': 457}, {'x': 592, 'y': 454}, {'x': 584, 'y': 450}, {'x': 572, 'y': 445}, {'x': 565, 'y': 443}, {'x': 556, 'y': 439}, {'x': 544, 'y': 435}, {'x': 535, 'y': 430}, {'x': 530, 'y': 427}, {'x': 528, 'y': 427}, {'x': 528, 'y': 426}, {'x': 530, 'y': 424}, {'x': 532, 'y': 423}, {'x': 534, 'y': 421}, {'x': 535, 'y': 421}]"
180224245403,contentment,22,Male,Student,Intermediate,fear,Yes,2544,fear,"[{'x': 785, 'y': 586}, {'x': 782, 'y': 584}, {'x': 756, 'y': 570}, {'x': 654, 'y': 507}, {'x': 580, 'y': 465}, {'x': 533, 'y': 436}, {'x': 523, 'y': 428}, {'x': 520, 'y': 427}, {'x': 522, 'y': 427}, {'x': 525, 'y': 427}, {'x': 528, 'y': 429}, {'x': 526, 'y': 429}, {'x': 524, 'y': 428}, {'x': 521, 'y': 427}, {'x': 517, 'y': 425}, {'x': 515, 'y': 424}, {'x': 514, 'y': 424}, {'x': 513, 'y': 423}, {'x': 510, 'y': 422}, {'x': 504, 'y': 421}, {'x': 503, 'y': 420}, {'x': 502, 'y': 420}, {'x': 502, 'y': 419}, {'x': 508, 'y': 415}, {'x': 516, 'y': 410}, {'x': 519, 'y': 408}, {'x': 517, 'y': 408}, {'x': 502, 'y': 408}, {'x': 477, 'y': 408}, {'x': 458, 'y': 408}, {'x': 453, 'y': 408}, {'x': 452, 'y': 408}, {'x': 456, 'y': 408}, {'x': 466, 'y': 408}, {'x': 472, 'y': 408}]"
180224245403,contentment,22,Male,Student,Intermediate,awe,Yes,2663,awe,"[{'x': 787, 'y': 578}, {'x': 786, 'y': 587}, {'x': 782, 'y': 608}, {'x': 780, 'y': 619}, {'x': 779, 'y': 627}, {'x': 779, 'y': 631}, {'x': 779, 'y': 635}, {'x': 779, 'y': 640}, {'x': 779, 'y': 643}, {'x': 778, 'y': 648}, {'x': 778, 'y': 650}, {'x': 777, 'y': 653}, {'x': 776, 'y': 658}, {'x': 776, 'y': 662}, {'x': 773, 'y': 668}, {'x': 772, 'y': 669}, {'x': 772, 'y': 670}, {'x': 770, 'y': 670}, {'x': 768, 'y': 667}, {'x': 764, 'y': 663}, {'x': 760, 'y': 657}, {'x': 754, 'y': 651}, {'x': 747, 'y': 644}, {'x': 739, 'y': 638}, {'x': 729, 'y': 629}, {'x': 714, 'y': 616}, {'x': 692, 'y': 600}, {'x': 667, 'y': 585}, {'x': 632, 'y': 564}, {'x': 576, 'y': 531}, {'x': 544, 'y': 511}, {'x': 516, 'y': 494}, {'x': 500, 'y': 481}, {'x': 488, 'y': 471}, {'x': 482, 'y': 466}, {'x': 480, 'y': 464}, {'x': 480, 'y': 463}, {'x': 479, 'y': 462}, {'x': 478, 'y': 459}, {'x': 478, 'y': 452}, {'x': 478, 'y': 445}, {'x': 478, 'y': 440}, {'x': 478, 'y': 436}, {'x': 478, 'y': 432}, {'x': 478, 'y': 431}, {'x': 478, 'y': 430}, {'x': 479, 'y': 429}, {'x': 481, 'y': 428}, {'x': 487, 'y': 427}, {'x': 493, 'y': 427}, {'x': 505, 'y': 427}, {'x': 529, 'y': 427}, {'x': 576, 'y': 430}, {'x': 679, 'y': 451}, {'x': 754, 'y': 480}, {'x': 810, 'y': 512}, {'x': 843, 'y': 547}, {'x': 856, 'y': 573}, {'x': 860, 'y': 593}, {'x': 860, 'y': 612}, {'x': 848, 'y': 631}, {'x': 820, 'y': 649}, {'x': 778, 'y': 663}, {'x': 724, 'y': 668}, {'x': 665, 'y': 663}, {'x': 608, 'y': 643}, {'x': 592, 'y': 623}, {'x': 577, 'y': 587}, {'x': 569, 'y': 532}, {'x': 570, 'y': 483}, {'x': 590, 'y': 443}, {'x': 619, 'y': 422}, {'x': 654, 'y': 417}, {'x': 692, 'y': 424}, {'x': 727, 'y': 448}, {'x': 753, 'y': 484}, {'x': 764, 'y': 515}, {'x': 768, 'y': 539}, {'x': 763, 'y': 561}, {'x': 753, 'y': 567}, {'x': 737, 'y': 568}, {'x': 708, 'y': 563}, {'x': 668, 'y': 547}, {'x': 626, 'y': 523}, {'x': 593, 'y': 503}, {'x': 575, 'y': 487}, {'x': 565, 'y': 474}, {'x': 560, 'y': 465}, {'x': 557, 'y': 459}, {'x': 555, 'y': 454}, {'x': 553, 'y': 453}, {'x': 553, 'y': 452}, {'x': 551, 'y': 451}, {'x': 549, 'y': 450}, {'x': 548, 'y': 447}, {'x': 546, 'y': 445}, {'x': 543, 'y': 443}, {'x': 540, 'y': 440}, {'x': 534, 'y': 436}, {'x': 530, 'y': 435}, {'x': 528, 'y': 435}, {'x': 528, 'y': 434}, {'x': 527, 'y': 433}, {'x': 526, 'y': 432}, {'x': 525, 'y': 432}, {'x': 524, 'y': 431}, {'x': 521, 'y': 427}, {'x': 516, 'y': 415}, {'x': 514, 'y': 406}, {'x': 512, 'y': 403}]"
180224245403,contentment,22,Male,Student,Intermediate,excitement,Yes,1478,excitement,"[{'x': 781, 'y': 602}, {'x': 780, 'y': 605}, {'x': 778, 'y': 608}, {'x': 777, 'y': 610}, {'x': 776, 'y': 611}, {'x': 775, 'y': 612}, {'x': 773, 'y': 613}, {'x': 773, 'y': 614}, {'x': 772, 'y': 615}, {'x': 768, 'y': 615}, {'x': 765, 'y': 617}, {'x': 762, 'y': 618}, {'x': 761, 'y': 618}, {'x': 760, 'y': 618}, {'x': 756, 'y': 618}, {'x': 748, 'y': 615}, {'x': 738, 'y': 610}, {'x': 726, 'y': 602}, {'x': 716, 'y': 594}, {'x': 707, 'y': 584}, {'x': 695, 'y': 566}, {'x': 688, 'y': 554}, {'x': 679, 'y': 542}, {'x': 669, 'y': 531}, {'x': 661, 'y': 521}, {'x': 652, 'y': 514}, {'x': 644, 'y': 504}, {'x': 637, 'y': 495}, {'x': 631, 'y': 485}, {'x': 623, 'y': 475}, {'x': 615, 'y': 466}, {'x': 608, 'y': 456}, {'x': 599, 'y': 446}, {'x': 595, 'y': 440}, {'x': 590, 'y': 436}, {'x': 587, 'y': 434}, {'x': 585, 'y': 432}, {'x': 584, 'y': 431}, {'x': 583, 'y': 431}, {'x': 580, 'y': 431}, {'x': 576, 'y': 428}, {'x': 570, 'y': 425}, {'x': 566, 'y': 422}, {'x': 564, 'y': 421}]"
180224245403,contentment,22,Male,Student,Intermediate,awe,Yes,1527,awe,"[{'x': 784, 'y': 580}, {'x': 788, 'y': 573}, {'x': 792, 'y': 563}, {'x': 797, 'y': 550}, {'x': 802, 'y': 535}, {'x': 804, 'y': 518}, {'x': 804, 'y': 500}, {'x': 804, 'y': 478}, {'x': 800, 'y': 445}, {'x': 786, 'y': 405}, {'x': 777, 'y': 387}, {'x': 767, 'y': 373}, {'x': 759, 'y': 364}, {'x': 748, 'y': 361}, {'x': 733, 'y': 359}, {'x': 715, 'y': 359}, {'x': 689, 'y': 359}, {'x': 660, 'y': 359}, {'x': 636, 'y': 364}, {'x': 620, 'y': 373}, {'x': 611, 'y': 380}, {'x': 604, 'y': 391}, {'x': 600, 'y': 400}, {'x': 596, 'y': 409}, {'x': 590, 'y': 419}, {'x': 587, 'y': 424}, {'x': 584, 'y': 427}, {'x': 584, 'y': 428}, {'x': 584, 'y': 429}, {'x': 582, 'y': 429}, {'x': 580, 'y': 429}, {'x': 577, 'y': 429}, {'x': 575, 'y': 429}, {'x': 572, 'y': 429}, {'x': 570, 'y': 428}, {'x': 568, 'y': 427}, {'x': 567, 'y': 426}, {'x': 566, 'y': 425}, {'x': 565, 'y': 424}, {'x': 564, 'y': 424}, {'x': 563, 'y': 423}, {'x': 562, 'y': 422}, {'x': 561, 'y': 421}, {'x': 560, 'y': 420}, {'x': 560, 'y': 419}, {'x': 560, 'y': 418}]"
180224011902,amusement,21,Male,Student,Beginner,amusement,Yes,1640,amusement,"[{'x': 752, 'y': 592}, {'x': 752, 'y': 593}, {'x': 752, 'y': 595}, {'x': 752, 'y': 596}, {'x': 752, 'y': 597}, {'x': 752, 'y': 598}, {'x': 752, 'y': 599}, {'x': 752, 'y': 600}, {'x': 752, 'y': 602}, {'x': 752, 'y': 603}, {'x': 748, 'y': 602}, {'x': 740, 'y': 597}, {'x': 728, 'y': 588}, {'x': 716, 'y': 579}, {'x': 699, 'y': 573}, {'x': 683, 'y': 566}, {'x': 668, 'y': 561}, {'x': 655, 'y': 559}, {'x': 644, 'y': 555}, {'x': 633, 'y': 551}, {'x': 628, 'y': 548}, {'x': 609, 'y': 535}, {'x': 602, 'y': 528}, {'x': 597, 'y': 522}, {'x': 592, 'y': 515}, {'x': 584, 'y': 505}, {'x': 576, 'y': 493}, {'x': 570, 'y': 482}, {'x': 563, 'y': 473}, {'x': 558, 'y': 466}, {'x': 555, 'y': 459}, {'x': 552, 'y': 455}, {'x': 551, 'y': 448}, {'x': 548, 'y': 445}, {'x': 548, 'y': 443}, {'x': 547, 'y': 441}, {'x': 547, 'y': 440}, {'x': 547, 'y': 438}, {'x': 547, 'y': 435}, {'x': 546, 'y': 431}, {'x': 545, 'y': 430}, {'x': 545, 'y': 428}, {'x': 545, 'y': 427}, {'x': 545, 'y': 425}, {'x': 545, 'y': 423}, {'x': 545, 'y': 420}, {'x': 545, 'y': 418}, {'x': 545, 'y': 417}]"
,,,,,,amusement,Yes,1742,amusement,"[{'x': 741, 'y': 585}, {'x': 742, 'y': 583}, {'x': 743, 'y': 581}, {'x': 744, 'y': 579}, {'x': 744, 'y': 578}, {'x': 744, 'y': 576}, {'x': 744, 'y': 575}, {'x': 745, 'y': 573}, {'x': 746, 'y': 571}, {'x': 747, 'y': 567}, {'x': 748, 'y': 565}, {'x': 752, 'y': 558}, {'x': 752, 'y': 555}, {'x': 754, 'y': 551}, {'x': 755, 'y': 549}, {'x': 756, 'y': 547}, {'x': 756, 'y': 543}, {'x': 756, 'y': 539}, {'x': 753, 'y': 534}, {'x': 752, 'y': 529}, {'x': 749, 'y': 525}, {'x': 747, 'y': 519}, {'x': 741, 'y': 511}, {'x': 737, 'y': 505}, {'x': 734, 'y': 500}, {'x': 731, 'y': 498}, {'x': 730, 'y': 496}, {'x': 728, 'y': 495}, {'x': 727, 'y': 493}, {'x': 725, 'y': 492}, {'x': 720, 'y': 490}, {'x': 715, 'y': 487}, {'x': 709, 'y': 484}, {'x': 703, 'y': 482}, {'x': 690, 'y': 478}, {'x': 682, 'y': 474}, {'x': 676, 'y': 471}, {'x': 671, 'y': 471}, {'x': 668, 'y': 470}, {'x': 667, 'y': 469}, {'x': 664, 'y': 468}, {'x': 660, 'y': 467}, {'x': 656, 'y': 465}, {'x': 645, 'y': 460}, {'x': 629, 'y': 453}, {'x': 607, 'y': 445}, {'x': 596, 'y': 440}, {'x': 590, 'y': 438}, {'x': 586, 'y': 436}, {'x': 583, 'y': 435}, {'x': 581, 'y': 435}, {'x': 577, 'y': 433}, {'x': 576, 'y': 432}, {'x': 575, 'y': 431}, {'x': 572, 'y': 430}, {'x': 568, 'y': 427}, {'x': 562, 'y': 423}, {'x': 556, 'y': 419}, {'x': 553, 'y': 418}, {'x': 552, 'y': 418}]"
,,,,,,contentment,Yes,1519,amusement,"[{'x': 795, 'y': 584}, {'x': 787, 'y': 574}, {'x': 768, 'y': 560}, {'x': 745, 'y': 551}, {'x': 722, 'y': 540}, {'x': 701, 'y': 531}, {'x': 687, 'y': 526}, {'x': 676, 'y': 519}, {'x': 661, 'y': 512}, {'x': 649, 'y': 507}, {'x': 634, 'y': 502}, {'x': 614, 'y': 492}, {'x': 592, 'y': 480}, {'x': 571, 'y': 467}, {'x': 554, 'y': 456}, {'x': 539, 'y': 447}, {'x': 528, 'y': 441}, {'x': 523, 'y': 436}, {'x': 519, 'y': 431}, {'x': 513, 'y': 424}, {'x': 511, 'y': 421}, {'x': 508, 'y': 419}, {'x': 508, 'y': 418}]"
,,,,,,amusement,Yes,1192,amusement,"[{'x': 770, 'y': 590}, {'x': 768, 'y': 575}, {'x': 763, 'y': 555}, {'x': 756, 'y': 539}, {'x': 748, 'y': 529}, {'x': 742, 'y': 520}, {'x': 736, 'y': 513}, {'x': 728, 'y': 507}, {'x': 714, 'y': 500}, {'x': 698, 'y': 489}, {'x': 679, 'y': 481}, {'x': 646, 'y': 467}, {'x': 626, 'y': 459}, {'x': 609, 'y': 451}, {'x': 596, 'y': 443}, {'x': 587, 'y': 438}, {'x': 580, 'y': 432}, {'x': 576, 'y': 429}, {'x': 573, 'y': 425}, {'x': 571, 'y': 423}, {'x': 569, 'y': 420}, {'x': 568, 'y': 419}, {'x': 567, 'y': 419}]"
,,,,,,sadness,Yes,2024,sadness,"[{'x': 758, 'y': 580}, {'x': 753, 'y': 578}, {'x': 745, 'y': 575}, {'x': 737, 'y': 571}, {'x': 731, 'y': 569}, {'x': 724, 'y': 567}, {'x': 718, 'y': 564}, {'x': 715, 'y': 563}, {'x': 710, 'y': 560}, {'x': 705, 'y': 559}, {'x': 700, 'y': 556}, {'x': 693, 'y': 555}, {'x': 681, 'y': 547}, {'x': 674, 'y': 543}, {'x': 666, 'y': 537}, {'x': 656, 'y': 530}, {'x': 642, 'y': 518}, {'x': 634, 'y': 511}, {'x': 625, 'y': 504}, {'x': 616, 'y': 499}, {'x': 608, 'y': 494}, {'x': 600, 'y': 490}, {'x': 593, 'y': 486}, {'x': 585, 'y': 480}, {'x': 579, 'y': 477}, {'x': 572, 'y': 472}, {'x': 565, 'y': 468}, {'x': 555, 'y': 463}, {'x': 548, 'y': 459}, {'x': 541, 'y': 455}, {'x': 535, 'y': 451}, {'x': 529, 'y': 447}, {'x': 524, 'y': 443}, {'x': 520, 'y': 440}, {'x': 514, 'y': 437}, {'x': 509, 'y': 435}, {'x': 505, 'y': 432}, {'x': 502, 'y': 430}, {'x': 500, 'y': 428}, {'x': 499, 'y': 426}, {'x': 498, 'y': 424}, {'x': 497, 'y': 421}, {'x': 496, 'y': 417}, {'x': 494, 'y': 414}, {'x': 492, 'y': 411}, {'x': 492, 'y': 408}, {'x': 491, 'y': 406}, {'x': 490, 'y': 404}, {'x': 490, 'y': 403}]"
,,,,,,contentment,Yes,2431,awe,"[{'x': 765, 'y': 595}, {'x': 772, 'y': 598}, {'x': 782, 'y': 607}, {'x': 796, 'y': 619}, {'x': 815, 'y': 632}, {'x': 834, 'y': 644}, {'x': 854, 'y': 658}, {'x': 878, 'y': 671}, {'x': 902, 'y': 685}, {'x': 924, 'y': 697}, {'x': 946, 'y': 707}, {'x': 968, 'y': 716}, {'x': 1000, 'y': 729}, {'x': 1010, 'y': 732}, {'x': 1101, 'y': 723}, {'x': 1069, 'y': 705}, {'x': 996, 'y': 670}, {'x': 928, 'y': 640}, {'x': 847, 'y': 597}, {'x': 807, 'y': 575}, {'x': 777, 'y': 557}, {'x': 754, 'y': 546}, {'x': 736, 'y': 535}, {'x': 719, 'y': 524}, {'x': 697, 'y': 513}, {'x': 678, 'y': 501}, {'x': 658, 'y': 490}, {'x': 641, 'y': 478}, {'x': 626, 'y': 467}, {'x': 614, 'y': 459}, {'x': 596, 'y': 450}, {'x': 585, 'y': 442}, {'x': 572, 'y': 435}, {'x': 560, 'y': 427}, {'x': 551, 'y': 422}, {'x': 543, 'y': 416}, {'x': 538, 'y': 415}, {'x': 536, 'y': 412}, {'x': 535, 'y': 412}, {'x': 534, 'y': 412}]"
awe,Yes,1393,awe,"[{'x': 769, 'y': 560}, {'x': 755, 'y': 539}, {'x': 731, 'y': 519}, {'x': 706, 'y': 502}, {'x': 679, 'y': 485}, {'x': 662, 'y': 476}, {'x': 646, 'y': 467}, {'x': 628, 'y': 460}, {'x': 604, 'y': 451}, {'x': 579, 'y': 439}, {'x': 548, 'y': 429}, {'x': 528, 'y': 420}, {'x': 514, 'y': 413}, {'x': 510, 'y': 410}]"
anger,Yes,983,disgust,"[{'x': 770, 'y': 579}, {'x': 768, 'y': 579}, {'x': 762, 'y': 576}, {'x': 756, 'y': 574}, {'x': 750, 'y': 571}, {'x': 733, 'y': 559}, {'x': 714, 'y': 544}, {'x': 704, 'y': 532}, {'x': 696, 'y': 524}, {'x': 689, 'y': 515}, {'x': 680, 'y': 503}, {'x': 665, 'y': 483}, {'x': 654, 'y': 467}, {'x': 649, 'y': 463}, {'x': 644, 'y': 459}, {'x': 628, 'y': 449}, {'x': 610, 'y': 439}, {'x': 592, 'y': 433}, {'x': 584, 'y': 427}, {'x': 576, 'y': 423}]"
sadness,Yes,3864,sadness,"[{'x': 751, 'y': 583}, {'x': 752, 'y': 584}, {'x': 752, 'y': 585}, {'x': 756, 'y': 587}, {'x': 760, 'y': 588}, {'x': 764, 'y': 590}, {'x': 768, 'y': 591}, {'x': 771, 'y': 593}, {'x': 771, 'y': 594}, {'x': 772, 'y': 594}, {'x': 772, 'y': 595}, {'x': 773, 'y': 595}, {'x': 774, 'y': 595}, {'x': 775, 'y': 596}, {'x': 776, 'y': 598}, {'x': 776, 'y': 599}, {'x': 776, 'y': 600}, {'x': 776, 'y': 602}, {'x': 776, 'y': 604}, {'x': 776, 'y': 607}, {'x': 776, 'y': 608}, {'x': 774, 'y': 611}, {'x': 773, 'y': 612}, {'x': 770, 'y': 615}, {'x': 768, 'y': 615}, {'x': 767, 'y': 617}, {'x': 764, 'y': 618}, {'x': 761, 'y': 619}, {'x': 760, 'y': 620}, {'x': 756, 'y': 622}, {'x': 753, 'y': 622}, {'x': 749, 'y': 622}, {'x': 743, 'y': 622}, {'x': 738, 'y': 622}, {'x': 733, 'y': 622}, {'x': 730, 'y': 622}, {'x': 727, 'y': 622}, {'x': 722, 'y': 622}, {'x': 719, 'y': 620}, {'x': 713, 'y': 618}, {'x': 707, 'y': 615}, {'x': 700, 'y': 611}, {'x': 694, 'y': 605}, {'x': 689, 'y': 601}, {'x': 684, 'y': 595}, {'x': 678, 'y': 583}, {'x': 673, 'y': 575}, {'x': 668, 'y': 567}, {'x': 665, 'y': 557}, {'x': 661, 'y': 549}, {'x': 658, 'y': 540}, {'x': 653, 'y': 530}, {'x': 649, 'y': 519}, {'x': 646, 'y': 511}, {'x': 642, 'y': 502}, {'x': 639, 'y': 494}, {'x': 634, 'y': 484}, {'x': 631, 'y': 480}, {'x': 624, 'y': 470}, {'x': 619, 'y': 462}, {'x': 614, 'y': 455}, {'x': 608, 'y': 448}, {'x': 601, 'y': 442}, {'x': 596, 'y': 437}, {'x': 590, 'y': 433}, {'x': 587, 'y': 430}, {'x': 584, 'y': 428}, {'x': 583, 'y': 427}, {'x': 581, 'y': 427}, {'x': 577, 'y': 424}, {'x': 572, 'y': 422}, {'x': 563, 'y': 416}, {'x': 555, 'y': 413}, {'x': 550, 'y': 411}, {'x': 545, 'y': 409}, {'x': 543, 'y': 408}, {'x': 540, 'y': 407}, {'x': 539, 'y': 407}, {'x': 538, 'y': 407}]"
disgust,Yes,1272,disgust,"[{'x': 785, 'y': 584}, {'x': 780, 'y': 583}, {'x': 769, 'y': 577}, {'x': 757, 'y': 572}, {'x': 745, 'y': 567}, {'x': 734, 'y': 563}, {'x': 719, 'y': 557}, {'x': 712, 'y': 553}, {'x': 707, 'y': 549}, {'x': 701, 'y': 545}, {'x': 695, 'y': 538}, {'x': 685, 'y': 531}, {'x': 672, 'y': 519}, {'x': 657, 'y': 508}, {'x': 642, 'y': 498}, {'x': 630, 'y': 488}, {'x': 623, 'y': 482}, {'x': 614, 'y': 475}, {'x': 608, 'y': 471}, {'x': 603, 'y': 467}, {'x': 597, 'y': 463}, {'x': 591, 'y': 459}, {'x': 583, 'y': 455}, {'x': 575, 'y': 451}, {'x': 569, 'y': 447}, {'x': 564, 'y': 443}, {'x': 561, 'y': 442}, {'x': 560, 'y': 441}, {'x': 559, 'y': 439}, {'x': 557, 'y': 439}, {'x': 556, 'y': 438}, {'x': 556, 'y': 436}, {'x': 555, 'y': 435}, {'x': 553, 'y': 433}, {'x': 552, 'y': 430}, {'x': 550, 'y': 427}, {'x': 548, 'y': 426}, {'x': 547, 'y': 424}, {'x': 547, 'y': 423}]"
disgust,Yes,1386,disgust,"[{'x': 774, 'y': 583}, {'x': 754, 'y': 575}, {'x': 729, 'y': 563}, {'x': 707, 'y': 552}, {'x': 684, 'y': 538}, {'x': 664, 'y': 525}, {'x': 651, 'y': 511}, {'x': 643, 'y': 502}, {'x': 636, 'y': 493}, {'x': 629, 'y': 483}, {'x': 617, 'y': 468}, {'x': 609, 'y': 457}, {'x': 602, 'y': 447}, {'x': 595, 'y': 441}, {'x': 590, 'y': 436}, {'x': 585, 'y': 433}, {'x': 583, 'y': 431}, {'x': 580, 'y': 428}, {'x': 578, 'y': 427}, {'x': 577, 'y': 427}, {'x': 576, 'y': 426}, {'x': 575, 'y': 425}, {'x': 573, 'y': 423}, {'x': 572, 'y': 423}, {'x': 571, 'y': 422}, {'x': 571, 'y': 421}]"
amusement,Yes,960,amusement,"[{'x': 761, 'y': 584}, {'x': 756, 'y': 580}, {'x': 712, 'y': 558}, {'x': 676, 'y': 538}, {'x': 640, 'y': 518}, {'x': 612, 'y': 507}, {'x': 592, 'y': 498}, {'x': 578, 'y': 491}, {'x': 568, 'y': 487}, {'x': 560, 'y': 482}, {'x': 550, 'y': 476}, {'x': 540, 'y': 470}, {'x': 530, 'y': 463}, {'x': 521, 'y': 458}, {'x': 512, 'y': 451}, {'x': 504, 'y': 445}, {'x': 499, 'y': 438}, {'x': 495, 'y': 434}, {'x': 492, 'y': 430}, {'x': 490, 'y': 427}, {'x': 488, 'y': 423}, {'x': 487, 'y': 421}, {'x': 487, 'y': 420}]"
disgust,Yes,4023,disgust,"[{'x': 769, 'y': 586}, {'x': 768, 'y': 586}, {'x': 767, 'y': 585}, {'x': 765, 'y': 584}, {'x': 765, 'y': 582}, {'x': 763, 'y': 578}, {'x': 760, 'y': 571}, {'x': 758, 'y': 565}, {'x': 757, 'y': 560}, {'x': 756, 'y': 555}, {'x': 754, 'y': 544}, {'x': 752, 'y': 539}, {'x': 752, 'y': 535}, {'x': 751, 'y': 531}, {'x': 751, 'y': 528}, {'x': 751, 'y': 525}, {'x': 751, 'y': 522}, {'x': 751, 'y': 517}, {'x': 751, 'y': 512}, {'x': 751, 'y': 507}, {'x': 751, 'y': 502}, {'x': 752, 'y': 495}, {'x': 752, 'y': 489}, {'x': 755, 'y': 481}, {'x': 756, 'y': 477}, {'x': 756, 'y': 473}, {'x': 760, 'y': 470}, {'x': 764, 'y': 466}, {'x': 772, 'y': 460}, {'x': 784, 'y': 456}, {'x': 796, 'y': 454}, {'x': 809, 'y': 451}, {'x': 826, 'y': 447}, {'x': 842, 'y': 444}, {'x': 857, 'y': 444}, {'x': 871, 'y': 444}, {'x': 872, 'y': 444}, {'x': 872, 'y': 443}, {'x': 856, 'y': 445}, {'x': 827, 'y': 448}, {'x': 795, 'y': 448}, {'x': 751, 'y': 448}, {'x': 710, 'y': 448}, {'x': 676, 'y': 448}, {'x': 647, 'y': 448}, {'x': 626, 'y': 448}, {'x': 610, 'y': 448}, {'x': 596, 'y': 448}, {'x': 589, 'y': 447}, {'x': 586, 'y': 447}, {'x': 584, 'y': 446}, {'x': 580, 'y': 446}, {'x': 576, 'y': 445}, {'x': 572, 'y': 444}, {'x': 569, 'y': 443}, {'x': 567, 'y': 442}, {'x': 566, 'y': 442}, {'x': 565, 'y': 441}, {'x': 564, 'y': 440}, {'x': 564, 'y': 439}, {'x': 562, 'y': 438}, {'x': 560, 'y': 437}, {'x': 559, 'y': 434}, {'x': 557, 'y': 433}, {'x': 557, 'y': 432}, {'x': 556, 'y': 431}, {'x': 556, 'y': 430}, {'x': 554, 'y': 427}, {'x': 554, 'y': 426}, {'x': 552, 'y': 425}, {'x': 552, 'y': 424}, {'x': 552, 'y': 423}, {'x': 552, 'y': 422}, {'x': 552, 'y': 421}, {'x': 552, 'y': 420}, {'x': 552, 'y': 419}, {'x': 552, 'y': 418}, {'x': 553, 'y': 416}, {'x': 557, 'y': 415}, {'x': 576, 'y': 413}, {'x': 603, 'y': 412}, {'x': 648, 'y': 412}, {'x': 704, 'y': 412}, {'x': 759, 'y': 412}, {'x': 808, 'y': 412}, {'x': 847, 'y': 412}, {'x': 886, 'y': 412}, {'x': 908, 'y': 412}, {'x': 925, 'y': 412}, {'x': 936, 'y': 412}, {'x': 944, 'y': 412}, {'x': 951, 'y': 412}, {'x': 957, 'y': 412}, {'x': 964, 'y': 412}, {'x': 971, 'y': 411}, {'x': 977, 'y': 410}, {'x': 980, 'y': 409}, {'x': 981, 'y': 409}, {'x': 974, 'y': 409}, {'x': 923, 'y': 409}, {'x': 834, 'y': 409}, {'x': 725, 'y': 409}, {'x': 609, 'y': 409}, {'x': 509, 'y': 409}, {'x': 444, 'y': 409}, {'x': 416, 'y': 409}, {'x': 409, 'y': 409}, {'x': 408, 'y': 409}]"
