1,I like mechanics magazines.,,,,,
2,I have a good appetite.,,,,,
3,I wake up fresh and rested most mornings.,,,,,
4,I think I would enjoy the work of a librarian.,,,,,
5,I am easily awakened by noise.,,,,,
6,My father is a good man (or if your father is dead) my father was a good man.,,,,,
7,I like to read newspaper articles on crime.,,,,,
8,My hands and feet are usually warm enough.,,,,,
9,My daily life is full of things that keep me interested.,,,,,
10,I am about as able to work as I ever was.,,,,,
11,There seems to be a lump in my throat much of the time.,,,,,
12,My sex life is satisfactory.,,,,,
13,People should try to understand their dreams and be guided by or take warnings from them.,,,,,
14,I enjoy detective or mystery stories.,,,,,
15,I work under a great deal of tension.,,,,,
16,Once in a while I think of things too bad to talk about.,,,,,
17,I am sure I get a raw deal from life.,,,,,
18,I am troubled by attacks of nausea and vomiting.,,,,,
19,When I take a new job, I like to find out whom it is important to be nice to.,,,,
20,I am very seldom bothered by constipation.,,,,,
21,At times I have very much wanted to leave home.,,,,,
22,No one seems to understand me.,,,,,
23,At times I have fits of laughing and crying that I cannot control.,,,,,
24,Evil spirits possess me at times.,,,,,
25,I would like to be a singer.,,,,,
26,I feel that it is certainly best to keep my mouth shut when I am in trouble.,,,,,
27,When people do me wrong, I feel I should pay them back, just for the principle of the thing.,,,
28,I am bothered by an upset stomach several times a week.,,,,,
29,At times I feel like swearing.,,,,,
30,I have nightmares every few nights.,,,,,
31,I find it hard to keep my mind on a task or job.,,,,,
32,I have had very peculiar and strange experiences.,,,,,
33,I seldom worry about my health.,,,,,
34,I have never been in trouble because of my sexual behavior.,,,,,
35,Sometimes when I was young I stole things.,,,,,
36,I have a cough most of the time.,,,,,
37,At times I feel like smashing things.,,,,,
38,I have had periods of days, weeks, or months when I couldn’t take care of things because I couldn’t “get going”.,,,
39,My sleep is fitful and disturbed.,,,,,
40,Much of the time, my head seems to hurt all over.,,,,
41,I do not always tell the truth.,,,,,
42,If people had not had it in for me, I would have been much more successful.,,,,
43,My judgment is better than it ever was.,,,,,
44,Once a week (or more often) I suddenly feel hot all over, for no reason.,,,,
45,I am in just as good physical health as most of my friends.,,,,,
46,I prefer to pass by school friends, or people I know but have not seen for a long time, unless they speak to me first.,,,
47,I am almost never bothered by pains over my heart or in my chest.,,,,,
48,Most anytime I would rather sit and daydream than do anything else.,,,,,
49,I am a very sociable person.,,,,,
50,I have often had to take orders from someone who did not know as much as I did.,,,,,
51,I do not read every editorial in the newspaper every day.,,,,,
52,I have not lived the right kind of life.,,,,,
53,Parts of my body often have feelings like burning, tingling, crawling, or like “going to sleep”.,,
54,My family does not like the work I have chosen (or the work I intend to choose for my lifework).,,,,,
55,I sometimes keep on at a thing until others lose their patience with me.,,,,,
56,I wish I could be as happy as others seem to be.,,,,,
57,I hardly ever feel pain in the back of my neck.,,,,,
58,I think a great many people exaggerate their misfortunes in order to gain the sympathy and help of others.,,,,,
59,I am troubled by discomfort in the pit of my stomach every few days or so.,,,,,
60,When I am with people I am bothered by hearing very strange things.,,,,,
61,I am an important person.,,,,,
62,I have often wished I were a girl. (or if you are a girl) I have never been sorry that I am a girl.,,,,,
63,My feelings are not easily hurt.,,,,,
64,I enjoy reading love stories.,,,,,
65,Most of the time I feel blue.,,,,,
66,It would be better if almost all laws were thrown away.,,,,,
67,I like poetry.,,,,,
68,I sometimes tease animals.,,,,,
69,I think I would like the kind of work a forest ranger does.,,,,,
70,I am easily downed in an argument.,,,,,
71,These days I find it hard not to give up hope of amounting to something.,,,,,
72,My soul sometimes leaves my body.,,,,,
73,I am certainly lacking in self-confidence.,,,,,
74,I would like to be a florist.,,,,,
75,I usually feel that life is worthwhile.,,,,,
76,It takes a lot of argument to convince most people of the truth.,,,,,
77,Once in a while I put off until tomorrow what I ought to do today.,,,,,
78,Most people that know me like me.,,,,,
79,I do not mind being made fun of.,,,,,
80,I would like to be a nurse.,,,,,
81,I think most people would lie to get ahead.,,,,,
82,I do many things that I regret afterwards. (I regret things more than others seem to.),,,,,
83,I have very few quarrels with members of my family.,,,,,
84,I was suspended from school one or more times for bad behavior.,,,,,
85,At times, I have a strong urge to do something harmful or shocking.,,,,
86,I like to go to parties and other affairs where there is a lot of loud fun.,,,,,
87,I have met problems so full of possibilities that I have been unable to make up my mind about them.,,,,,
88,I believe that women ought to have as much sexual freedom as men.,,,,,
89,My hardest battles are with myself.,,,,,
90,I love my father, or (if your father is dead) I loved my father.,,,,
91,I have little or no trouble with my muscles twitching or jumping.,,,,,
92,I don’t seem to care what happens to me.,,,,,
93,Sometimes when I am not well I am irritable.,,,,,
94,Much of the time I feel as if I have done something wrong or evil.,,,,,
95,I am happy most of the time.,,,,,
96,I see things or animals or people around me that others do not see.,,,,,
97,There seems to be a fullness in my head or nose most of the time.,,,,,
98,Some people are so bossy that I feel like doing the opposite of what they request, even though I know they are right.,,,,
99,Someone has it in for me.,,,,,
100,I have never done anything dangerous just for the thrill of it.,,,,,
101,Often I feel as if there is a tight band around my head.,,,,,
102,I get angry sometimes.,,,,,
103,I enjoy a race or game more when I bet on it.,,,,,
104,Most people are honest chiefly because they are afraid of being caught.,,,,,
105,In school I was sometimes sent to the principal for bad behavior.,,,,,
106,My speech is the same as always (not faster or slower, no slurring or hoarseness).,,,,
107,My table manners are not quite as good at home as when I am out in company.,,,,,
108,Anyone who is able and willing to work hard has a good chance of succeeding.,,,,,
109,I seem to be about as capable and smart as most others around me.,,,,,
110,Most people will use somewhat unfair means to gain profit or an advantage rather than to lose it.,,,,,
111,I have a great deal of stomach trouble.,,,,,
112,I like dramatics.,,,,,
113,I know who is responsible for most of my troubles.,,,,,
114,Sometimes I am so strongly attracted by the personal articles of others, such as shoes, gloves, etc., that I want to handle or steal them, even though I have no use for them.
115,The sight of blood does not frighten me or make me sick.,,,,,
116,Often I can’t understand why I have been so irritable or grouchy.,,,,,
117,I have never vomited blood or coughed up blood.,,,,,
118,I do not worry about catching diseases.,,,,,
119,I like collecting flowers or growing houseplants.,,,,,
120,I frequently find it necessary to stand up for what I think is right.,,,,,
121,I have never indulged in unusual sex practices.,,,,,
122,At times my thoughts have raced ahead faster than I could speak them.,,,,,
123,If I could get into the movies without paying and be sure I was not seen, I would probably do it.,,,,
124,I often wonder what hidden reason another person may have for doing something nice for me.,,,,,
125,I believe that my home life is as pleasant as that of most people I know.,,,,,
126,I believe in law enforcement.,,,,,
127,Criticism or scolding hurts me terribly.,,,,,
128,I like to cook.,,,,,
129,My conduct is largely controlled by the behavior of those around me.,,,,,
130,I certainly feel useless at times.,,,,,
131,When I was a child, I belonged to a group of friends that tried to be loyal through all kinds of trouble.,,,,
132,I believe in life hereafter.,,,,,
133,I would like to be a soldier.,,,,,
134,At times I feel like picking a fistfight with someone.,,,,,
135,I have often lost out on things because I couldn’t make my mind up soon enough.,,,,,
136,It makes me impatient to have people ask my advice or otherwise interrupt me when I am working on something important.,,,,,
137,I used to keep a diary.,,,,,
138,I believe I am being plotted against.,,,,,
139,I would rather win than lose in a game.,,,,,
140,Most nights I go to sleep without thoughts or ideas bothering me.,,,,,
141,During the past few years I have been well most of the time.,,,,,
142,I have never had a fit or convulsion.,,,,,
143,I am neither gaining nor losing weight.,,,,,
144,I believe I am being followed.,,,,,
145,I feel that I have often been punished without cause.,,,,,
146,I cry easily.,,,,,
147,I cannot understand what I read as often as I used to.,,,,,
148,I have never felt better in my life than I do now.,,,,,
149,The top of my head sometimes feels tender.,,,,,
150,Sometimes I feel as if I must injure either myself or someone else.,,,,,
151,I resent having anyone trick me so cleverly that I have to admit that I was fooled.,,,,,
152,I do not tire quickly.,,,,,
153,I like to know some important people because it makes me feel important.,,,,,
154,I am afraid when I look down from a high place.,,,,,
155,It wouldn’t make me nervous if any members of my family got into trouble with the law.,,,,,
156,I am never happy unless I am roaming or traveling around.,,,,,
157,What others think of me does not bother me.,,,,,
158,It makes me uncomfortable to pull a stunt at a party even when others are doing the same sort of things.,,,,,
159,I have never had a fainting spell.,,,,,
160,I liked school.,,,,,
161,I frequently have to fight against showing that I am bashful.,,,,,
162,Someone has been trying to poison me.,,,,,
163,I do not have a great fear of snakes.,,,,,
164,I seldom or never have dizzy spells.,,,,,
165,My memory seems to be all right.,,,,,
166,I am worried about sex.,,,,,
167,I find it hard to make small talk when I meet new people.,,,,,
168,I have had periods in which I carried on activities without knowing later what I had been doing.,,,,,
169,When I get bored I like to stir up some excitement.,,,,,
170,I am afraid of losing my mind.,,,,,
171,I am against giving money to beggars.,,,,,
172,I frequently notice my hand shakes when I try to do something.,,,,,
173,I can read a long while without tiring my eyes.,,,,,
174,I like to study and read about things that I am working at.,,,,,
175,I feel weak all over much of the time.,,,,,
176,I have very few headaches.,,,,,
177,My hands have not become clumsy or awkward.,,,,,
178,Sometimes, when embarrassed, I break out in a sweat, which annoys me greatly.,,
179,I have had no difficulty in keeping my balance while walking.,,,,,
180,There is something wrong with my mind.,,,,,
181,I do not have spells of hay fever or asthma.,,,,,
182,I have had attacks in which I could not control my movements or speech, but in which I knew what was going on around me.,,,,
183,I do not like everyone I know.,,,,,
184,I daydream very little.,,,,,
185,I wish I were not so shy.,,,,,
186,I am not afraid to handle money.,,,,,
187,If I were a reporter, I would very much like to report news of the theater.,,,,
188,I enjoy many different kinds of play and recreation.,,,,,
189,I like to flirt.,,,,,
190,Many people treat me more like a child than a grown-up.,,,,,
191,I would like to be a journalist.,,,,,
192,My mother is a good woman, or (if your mother is dead) my mother was a good woman.,,,,
193,In walking, I am very careful to step over sidewalk cracks.,,,,
194,I have never had any breaking out on my skin that has worried me.,,,,,
195,There is very little love and companionship in my family as compared to other homes.,,,,,
196,I frequently find myself worrying about something.,,,,,
197,I think I would like the work of a building contractor.,,,,,
198,I often hear voices without knowing where they come from.,,,,,
199,I like science.,,,,,
200,It is not hard for me to ask for help from my friends even though I cannot return the favor.,,,,,
201,I very much like hunting.,,,,,
202,My parents often objected to the kind of people I went around with.,,,,,
203,I gossip a little at times.,,,,,
204,My hearing is apparently as good as that of most people.,,,,,
205,Some members of my family have habits that bother and annoy me very much.,,,,,
206,At times I feel that I can make up my mind with unusually great ease.,,,,,
207,I would like to belong to several clubs.,,,,,
208,I hardly ever notice my heart pounding and I am seldom short of breath.,,,,,
209,I like to talk about sex.,,,,,
210,I like to visit places where I have never been before.,,,,,
211,I have been inspired to a program of life based on duty which I have since carefully followed.,,,,,
212,I have, at times stood in the way of people who were trying to do something, not because it amounted to much, but because of the principle of the thing.,,
213,I get mad easily and then get over it soon.,,,,,
214,I have been quite independent and free from family rule.,,,,,
215,I brood a great deal.,,,,,
216,Someone has been trying to rob me.,,,,,
217,My relatives are nearly all in sympathy with me.,,,,,
218,I have periods of such great restlessness that I cannot sit long in a chair.,,,,,
219,I have been disappointed in love.,,,,,
220,I never worry about my looks.,,,,,
221,I dream frequently about things that are best kept to myself.,,,,,
222,Children should be taught all the main facts of sex.,,,,,
223,I believe I am no more nervous that most others.,,,,,
224,I have few or no pains.,,,,,
225,My way of doing things is apt to be misunderstood by others.,,,,,
226,Sometimes without any reason or even when things are going wrong, I feel excitedly happy or “on top of the world”.,,,,
227,I don’t blame people for trying to grab everything they can get in this world.,,,,,
228,There are persons who are trying to steal my thoughts and ideas.,,,,,
229,I have had blank spells in which my activities were interrupted and I did not know what was going on around me.,,,,,
230,I can be friendly with people who do things that I consider wrong.,,,,,
231,I like to be with a crowd who play jokes on one another.,,,,,
232,Sometimes in elections, I vote for people about whom I know very little.,,,,
233,I have difficulty in starting to do things.,,,,,
234,I believe I am a condemned person.,,,,,
235,I was a slow learner in school.,,,,,
236,If I were an artist, I would like to draw flowers.,,,,
237,It does not bother me that I am not better looking.,,,,,
238,I sweat very easily, even on cool days.,,,,
239,I’m entirely self-confident.,,,,,
240,At times it has been impossible for me to stop from stealing or shoplifting something.,,,,,
241,It is safer to trust nobody.,,,,,
242,Once a week or more, I become very excited.,,,,
243,When in a group of people, I have trouble thinking of the right thing to say.,,,,
244,Something exciting will almost always pull me out of it when I am feeling low.,,,,,
245,When I leave home, I do not worry about whether the door is locked and the windows are closed.,,,,
246,I believe my sins are unpardonable.,,,,,
247,I have numbness in one or more places on my skin.,,,,,
248,I do not blame a person for taking advantage of people who leave themselves open to it.,,,,,
249,My eyesight is as good as it has been for years.,,,,,
250,At times I have been so entertained by the cleverness of some criminals that I have hopes they would get away with it.,,,,,
251,I have often felt that strangers were looking at me critically.,,,,,
252,Everything tastes the same.,,,,,
253,I drink an unusually large amount of water every day.,,,,,
254,Most people make friends because friends are likely to be useful to them.,,,,,
255,I do not often notice my ears ringing or buzzing.,,,,,
256,Once in a while I feel hate toward members of my family whom I usually love.,,,,,
257,If I were a reporter I would very much like to report sporting news.,,,,,
258,I can sleep during the day, but not at night.,,,,
259,I am sure I am being talked about.,,,,,
260,Once in a while, I laugh at a dirty joke.,,,,
261,I have very few fears compared to my friends.,,,,,
262,In a group of people, I would not be embarrassed to be called upon to start a discussion or give an opinion about something I know well.,,,,
263,I am always disgusted with the law when a criminal is freed through the arguments of a smart lawyer.,,,,,
264,I have used alcohol excessively.,,,,,
265,I am likely not to speak to people until they speak to me.,,,,,
266,I have never been in trouble with the law.,,,,,
267,I have periods in which I feel unusually cheerful without any special reason.,,,,,
268,I wish I were not bothered by thoughts about sex.,,,,,
269,If several people find themselves in trouble, the best thing for them to do is agree upon a story and stick to it.,,,,
270,It does not bother me particularly to see animals suffer.,,,,,
271,I think that I feel more intensely than most people do.,,,,,
272,There was never a time in my life when I liked to play with dolls.,,,,,
273,Life is a strain for me much of the time.,,,,,
274,I am so touchy on some subjects that I can’t talk about them.,,,,,
275,In school I found it very hard to talk in front of the class.,,,,,
276,I love my mother, or (if your mother is dead) I loved my mother.,,,,
277,Even when I am with people I feel lonely much of the time.,,,,,
278,I get all the sympathy I should.,,,,,
279,I refuse to play some games because I am not good at them.,,,,,
280,I seem to make friends about as quickly as others do.,,,,,
81,I dislike having people around me.,,,,,
282,I have been told that I walk during sleep.,,,,,
283,The person who provides temptation by leaving valuable property unprotected is about as much to blame for its theft as the one who steals it.,,,,,
284,I think nearly anyone would tell a lie to keep out of trouble.,,,,,
285,I am more sensitive than most people.,,,,,
286,Most people inwardly dislike putting themselves out to help other people.,,,,,
287,Many of my dreams are about sex.,,,,,
288,My parents and family find more fault with me than they should.,,,,,
289,I am easily embarrassed.,,,,,
290,I worry over money and business.,,,,,
291,I have never been in love with anyone.,,,,,
292,The things that some of my family have done have frightened me.,,,,,
293,I almost never dream.,,,,,
294,My neck spots with red often.,,,,,
295,I have never been paralyzed or had any unusual weakness of any of my muscles.,,,,,
296,Sometimes my voice leaves me or changes even though I have no cold.,,,,,
297,My mother or father often made me obey even when I thought it was unreasonable.,,,,,
298,Peculiar odors come to me at times.,,,,,
299,I cannot keep my mind on one thing.,,,,,
300,I have reason for feeling jealous of one or more members of my family.,,,,,
301,I feel anxiety about something or someone almost all the time.,,,,,
302,I easily become impatient with people.,,,,,
303,Most of the time I wish I were dead.,,,,,
304,Sometimes I become so excited that I find it hard to get to sleep.,,,,,
305,I have certainly had more than my share of things to worry about.,,,,,
306,No one cares much about what happens to you.,,,,,
307,At times I hear so well that it bothers me.,,,,,
308,I forget right away what people say to me.,,,,,
309,I usually have to stop and think before I act, even in small matters.,,,,
310,Often I cross the street in order not to meet someone I see.,,,,,
311,I often feel as if things are not real.,,,,,
312,The only interesting part of newspapers is the comic strips.,,,,,
313,I have a habit of counting things that are not important, such as bulbs on electric signs and so forth.,,,,
314,I have no enemies who really wish to harm me.,,,,,
315,I tend to be on my guard with people who are somewhat friendlier than I had expected.,,,,,
316,I have strange and peculiar thoughts.,,,,,
317,I get anxious and upset when I have to make a short trip away from home.,,,,,
318,I usually expect to succeed in things I do.,,,,,
319,I hear strange things when I am alone.,,,,,
320,I have been afraid of things or people that I knew could not hurt me.,,,,,
321,I have no dread of going into a room by myself where other people have already gathered and are talking.,,,,,
322,I am afraid of a knife or anything very sharp or pointed.,,,,,
323,Sometimes I enjoy hurting persons I love.,,,,,
324,I can easily make other people afraid of me, and sometimes do it for the fun of it.,,,,
325,I have more trouble concentrating than others seem to have.,,,,,
326,I have several times given up doing a thing because I thought too little of my ability.,,,,,
327,Bad words, often terrible words, come into my mind and I cannot get rid of them.,,,
328,Sometimes some unimportant thought will run through my mind and bother me for days.,,,,,
329,Almost every day something happens to frighten me.,,,,,
330,At times I am all full of energy.,,,,,
331,I am inclined to take things hard.,,,,,
332,At times I have enjoyed being hurt by someone I loved.,,,,,
333,People say insulting and vulgar things about me.,,,,,
334,I feel uneasy indoors.,,,,,
335,I am not usually self-conscious.,,,,,
336,Someone has control over my mind.,,,,,
337,At parties I am more likely to sit by myself or with just one other person than to join in with the crowd.,,,,,
338,People often disappoint me.,,,,,
339,I have sometimes felt that difficulties were piling up so high that I could not overcome them.,,,,,
340,I love to go to dances.,,,,,
341,At periods, my mind seems to work more slowly than usual.,,,,
342,While in trains, busses, etc., I often talk with strangers.,,
343,I enjoy children.,,,,,
344,I enjoy gambling for small stakes.,,,,,
345,If given the chance, I could do some things that would be of great benefit to the world.,,,,
346,I have often met people who were supposed to be experts who were no better than I.,,,,,
347,It makes me feel like a failure when I hear of the success of someone I know well.,,,,,
348,I often think: “I wish I were a child again.”,,,,,
349,I am never happier than when alone.,,,,,
350,If given the chance I would make a good leader of people.,,,,,
351,I am embarrassed by dirty stories.,,,,,
352,People generally demand more respect for their own rights than they are willing to allow for others.,,,,,
353,I enjoy social gatherings just to be with people.,,,,,
354,I try to remember good stories to pass them on to other people.,,,,,
355,At one or more times in my life I felt that someone was making me do things by hypnotizing me.,,,,,
356,I find it hard to set aside a task that I have undertaken, even for a short time.,,,,
357,I am quite often not in on the gossip and talk of the group that I belong to.,,,,,
358,I have often found people jealous of my good ideas, just because they had not thought of them first.,,,,
359,I enjoy the excitement of a crowd.,,,,,
360,I do not mind meeting strangers.,,,,,
361,Someone has been trying to influence my mind.,,,,,
362,I can remember “playing sick” to get out of something.,,,,,
363,My worries seem to disappear when I get into a crowd of lively friends.,,,,,
364,I feel like giving up quickly when things go wrong.,,,,,
365,I like to let people know where I stand on things.,,,,,
366,I have had periods when I felt so full of pep that sleep did not seem necessary for days at a time.,,,,,
367,Whenever possible I avoid being in a crowd.,,,,,
368,I shrink from facing a crisis or difficulty.,,,,,
369,I am apt to pass up something I want to do when others feel that it isn’t worth doing.,,,,,
370,I like parties and socials.,,,,,
371,I have often wished I were a member of the opposite sex.,,,,,
372,I am not easily angered.,,,,,
373,I have done some bad things in the past that I never tell anybody about.,,,,,
374,Most people will use somewhat unfair means to get ahead in life.,,,,,
375,It makes me nervous when people ask me personal questions.,,,,,
376,I do not feel I can plan my own future.,,,,,
377,I am not happy with myself the way I am.,,,,,
378,I get angry when my friends or family give me advice on how to live my life.,,,,,
379,I got many beatings when I was a child.,,,,,
380,It bothers me when people say nice things about me.,,,,,
381,I don’t like hearing other people give their opinions about life.,,,,,
382,I often have serious disagreements with people who are close to me.,,,,,
383,When things get really bad, I know I can count on my family for help.,,,,
384,I liked playing “house” when I was a child.,,,,,
385,I am not afraid of fire.,,,,,
386,I have sometimes stayed away from another person because I feared doing or saying something I might regret afterwards.,,,,,
387,I can express my true feelings only when I drink.,,,,,
388,I very seldom have spells of the blues.,,,,,
389,I am often said to be hotheaded.,,,,,
390,I wish I could get over worrying about things I have said that may have injured other people’s feelings.,,,,,
391,I feel unable to tell anyone all about myself.,,,,,
392,Lightning is one of my fears.,,,,,
393,I like to keep people guessing what I am going to do next.,,,,,
394,My plans have frequently seemed so full of difficulties that I have had to give them up.,,,,,
395,I am afraid to be alone in the dark.,,,,,
396,I have often felt bad about being misunderstood when trying to keep someone from making a mistake.,,,,,
397,A windstorm frightens me.,,,,,
398,I frequently ask people for advice.,,,,,
399,The future is too uncertain for a person to make serious plans.,,,,,
400,Often, even though everything is going fine for me, I feel that I don’t care about anything.,,,
401,I have no fear of water.,,,,,
402,I often must sleep over a matter before I decide what to do.,,,,,
403,People have often misunderstood my intentions when I was trying to put them right and be helpful.,,,,,
404,I have no trouble swallowing.,,,,,
405,I am usually calm and not easily upset.,,,,,
406,I would certainly enjoy beating criminals at their own game.,,,,,
407,I deserve severe punishment for m sins.,,,,,
408,I am apt to take disappointments so keenly that I can’t put them out of my mind.,,,,,
409,It bothers me to have someone watch me at work even though I know I can do it well.,,,,,
410,I am often so annoyed when someone tries to get ahead of me in a line of people that I speak to that person about it.,,,,,
411,At times I think I am no good at all.,,,,,
412,When I was young I often did not go to school even when I should have gone.,,,,,
413,One or more members of my family are very nervous.,,,,,
414,I have at times had to be rough with people who were rude or annoying.,,,,,
415,I worry quite a bit over possible misfortunes.,,,,,
416,I have strong political opinions.,,,,,
417,I would like to be an auto racer.,,,,,
418,It is all right to get around the law if you don’t actually break it.,,,,,
419,There are certain people whom I dislike so much that I am inwardly pleased when they are catching it for something that they have done.,,,,,
420,It makes me nervous to have to wait.,,,,,
421,I am apt to pass up something I want to do because others feel that I am not going about it in the right way.,,,,,
422,I was fond of excitement when I was young.,,,,,
423,I am often inclined to go out of my way to win a point with someone who has opposed me.,,,,,
424,I am bothered by people outside, on the streets, in stores, etc., watching me.,
425,The man who had most to do with me when I was a child (such as my father, stepfather, etc.) was very strict with me.,,,
426,I used to like to play hopscotch and jump rope.,,,,,
427,I have never seen a vision.,,,,,
428,I have several times had a change of heart about my lifework.,,,,,
429,Except by doctor’s orders I never take drugs or sleeping pills.,,,,,
430,I am often sorry because I am so irritable and grouchy.,,,,,
431,In school my marks in classroom behavior were quite regularly bad.,,,,,
432,I am fascinated by fire.,,,,,
433,When I am cornered I tell that portion of the truth which is not likely to hurt me.,,,,,
434,If I were in trouble with several friends who were as guilty as I was, I would rather take the whole blame than give them away.,,,,
435,I am often afraid of the dark.,,,,,
436,When a man is with a woman he is usually thinking about things related to her sex.,,,,,
437,I am usually very direct with people I am trying to correct or improve.,,,,,
438,I dread the thought of an earthquake.,,,,,
439,I readily become one hundred percent sold on a good idea.,,,,,
440,I usually work things out for myself rather than get someone to show me how.,,,,,
441,I am afraid of finding myself in a closet or small closed space.,,,,,
442,I must admit that I have at times been worried beyond reason over something that really did not matter.,,,,,
443,I do not try to cover up my poor opinion or pity of people so that they won’t know how I feel.,,,,,
444,I am a high-strung person.,,,,,
445,I have frequently worked under people who seem to have things arranged so that they get credit for good work but are able to pass mistakes onto those under them.,,,,,
446,I sometimes find it hard to stick up for my rights because I am so reserved.,,,,,
447,Dirt frightens or disgusts me.,,,,,
448,I have a daydream life about which I do not tell other people.,,,,,
449,Some of my family members have quick tempers.,,,,,
450,I cannot do anything well.,,,,,
451,I often feel guilty because I pretend to feel more sorry about something than I really do.,,,,,
452,I strongly defend my own opinions as a rule.,,,,,
453,I have no fear of spiders.,,,,,
454,The future seems hopeless to me.,,,,,
455,The members of my family and my close relatives get along quite well.,,,,,
456,I would like to wear expensive clothes.,,,,,
457,People can pretty easily change my mind, even when I have made a decision about something.,,,,
458,I am made nervous by certain animals.,,,,,
459,I can stand as much pain as others can.,,,,,
460,Several times I have been the last to give up trying to do a thing.,,,,,
461,It makes me angry to have people hurry me.,,,,,
462,I am not afraid of mice.,,,,,
463,Several times a week I feel as if something dreadful is about to happen.,,,,,
464,I feel tired a good deal of the time.,,,,,
465,I like repairing a door latch.,,,,,
466,Sometimes I am sure that other people can tell what I am thinking.,,,,,
467,I like to read about science.,,,,,
468,I am afraid of being alone in a wide-open place.,,,,,
469,I sometimes feel that I am about to go to pieces.,,,,,
470,A large number of people are guilty of bad sexual conduct.,,,,,
471,I have often been frightened in the middle of the night.,,,,,
472,I am greatly bothered by forgetting where I put things.,,,,,
473,The one to whom I was most attached and whom I most admired as a child was a woman (mother, sister, aunt, or other woman).,,
474,I like adventure stories better than romantic stories.,,,,,
475,Often I get confused and forget what I want to say.,,,,,
476,I am very awkward and clumsy.,,,,,
477,I really like playing sports (such as soccer or football).,,,,,
478,I hate my whole family.,,,,,
479,Some people think it’s hard to get to know me.,,,,,
480,I spend most of my spare time by myself.,,,,,
481,When people do something that makes me angry, I let them know how I feel about it.,,,,
482,I usually have a hard time deciding what to do.,,,,,
483,People do not find me attractive.,,,,,
484,People are not very kind to me.,,,,,
485,I often feel that I’m not as good as other people.,,,,,
486,I am very stubborn.,,,,,
487,I have enjoyed using marijuana.,,,,,
488,Mental illness is a sign of weakness.,,,,,
489,I have a drug or alcohol problem.,,,,,
490,Ghost or spirits can influence people for good or bad.,,,,,
491,I feel helpless when I have to make some important decisions.,,,,,
492,I always try to be pleasant even when others are upset or critical.,,,,,
493,When I have a problem it helps to talk it over with someone.,,,,,
494,My main goals in life are within my reach.,,,,,
495,I believe that people should keep personal problems to themselves.,,,,,
496,I am not feeling much pressure or stress these days.,,,,,
497,It bothers me greatly to think of making changes in my life.,,,,,
498,My greatest problems are caused by the behavior of someone close to me.,,,,,
499,I hate going to doctors, even when I’m sick.,,,,
500,Although I am not happy with my life, there is nothing I can do about it.,,,,
501,Talking over problems and worries with someone is often more helpful than taking drugs or medicine.,,,,,
502,I have habits that are really harmful.,,,,,
503,When problems need to be solved, I usually let other people take charge.,,,,
504,I recognize several faults in myself that I will not be able to change.,,,,,
505,I am so sick of what I have to do every day that I just want to get out of it all.,,,,,
506,I have recently considered killing myself.,,,,,
507,I often become very irritable when people interrupt my work.,,,,,
508,I often feel I can read other people’s minds.,,,,,
509,Having to make important decisions makes me nervous.,,,,,
510,Others tell me I eat too fast.,,,,,
511,Once a week or more I get high or drunk.,,,,,
512,I have had a tragic loss in my life that I know I will never get over.,,,,,
513,Sometimes I get so angry and upset I don’t know what comes over me.,,,,,
514,When people ask me to do something I have a hard time saying no.,,,,,
515,I am never happier than when I am by myself.,,,,,
516,My life is empty and meaningless.,,,,,
517,I find it difficult to hold down a job.,,,,,
518,I have made lots of bad mistakes in my life.,,,,,
519,I get angry with myself for giving in to other people so much.,,,,,
520,Lately I have thought a lot about killing myself.,,,,,
521,I like making decisions and assigning jobs to others.,,,,,
522,Even without my family I know there will always be someone there to take care of me.,,,,,
523,At movies, restaurants, or sporting events, I hate to stand in line.,,
524,No one knows it but I have tried to kill myself.,,,,,
525,Everything is going on too fast around me.,,,,,
526,I know I am a burden to others.,,,,,
527,After a bad day, I need a few drinks to relax.,,,,
528,Much of the trouble I’m having is due to bad luck.,,,,,
529,At times I can’t seem to stop talking.,,,,,
530,Sometimes I cut or injure myself on purpose without knowing why.,,,,,
531,I work very long hours, even though my job doesn’t require this.,,,,
532,I usually feel better after a good cry.,,,,,
533,I forget where I leave things.,,,,,
534,If I could live my life over again, I would not change much.,,,,
535,I get very irritable when people I depend on don’t get their work done on time.,,,,,
536,If I get upset, I’m sure to get a headache.,,,,
537,I like to drive a hard bargain.,,,,,
538,Most men are unfaithful to their wives now and then.,,,,,
539,Lately I have lost my desire to work out my problems.,,,,,
540,I have gotten angry and broken furniture or dishes when I was drinking.,,,,,
541,I work best when I have a definite deadline.,,,,,
542,I have become so angry with someone that I have felt as if I would explode.,,,,,
543,Terrible thoughts about my family come to me at times.,,,,,
544,People tell me I have a problem with alcohol, but I disagree.,,,,
545,I always have too little time to get things done.,,,,,
546,My thoughts these days turn more and more to death and the hereafter.,,,,,
547,I often keep and save things that I will probably never use.,,,,,
548,I have been so angry at times that I’ve hurt someone in a physical fight.,,,,,
549,In everything I do lately, I feel that I am being tested.,,,,
550,I have very little to do with my relatives now.,,,,,
551,I sometimes seem to hear my thoughts being spoken out loud.,,,,,
552,When I am sad, visiting with friends can always pull me out of it.,,,,
553,Much of what is happening to me now seems to have happened to me before.,,,,,
554,When my life gets difficult, it makes me want to just give up.,,,,
555,I can’t go into a dark room alone, even in my own home.,,,,
556,I worry a great deal over money.,,,,,
557,The man should be the head of the family.,,,,,
558,The only place where I feel relaxed is in my own home.,,,,,
559,The people I work with are not sympathetic with my problems.,,,,,
560,I am satisfied with the amount of money I make.,,,,,
561,I usually have enough energy to do my work.,,,,,
562,It is hard for me to accept compliments.,,,,,
563,In most marriages one or both partners are unhappy.,,,,,
564,I almost never lose self-control.,,,,,
565,It takes a great deal of effort for me to remember what people tell me these days.,,,,,
566,When I am sad or blue, it is my work that suffers.,,,,
567,Most married couples don’t show much affection for each other.,,,,,
